text,label
满意,肯定
说明激活,肯定
行你不要介绍,否定
流量超出每照几钱,询问
但,肯定
收手续费吗,询问
有好处吗,询问
好用吗为什么给我打电话,询问
我觉得没什么用,否定
这个流量不好用,询问
嗯不用办理,否定
就是活动有什么优惠,询问
我从来没申请过这种卡,否定
能介绍一下产品吗,询问
新版本推荐哪个角色,询问
不会操作,否定
到时候会自动取消吗,询问
没空,等待
解一下,询问
知道我的手机电话号码的,肯定
一百兆的,肯定
哦没原因,否定
是不是,请求重复
别理我,否定
我的套餐是什么,询问
我六十多,肯定
你是骗子把,询问
114移车是什么,询问
只有时间充值才可以吗,询问
但是没有,否定
我这已有,肯定
我自己的,肯定
我才十岁,肯定
怎么使用4g,询问
玩的人多嘛,询问
是高利贷吗,询问
哦你说,肯定
你们哪来的我电话,询问
个已经修复,肯定
的业务,肯定
重复,请求重复
单位办的卡,肯定
三个月之后怎么办,询问
得,肯定
流量到期时间是几,询问
话我不知道,否定
嗯暂时不,否定
费用怎么算,询问
你们那边太高,肯定
好谢谢没有那你,肯定
我没有房子也没有车子,否定
好用吗,询问
用完还会产生费用吗,询问
你们是什么地方的,询问
没兴趣,否定
嗯你先找过,肯定
真的没有,否定
我什么时候申请我没申请,否定
号好,肯定
这个额度的,肯定
好好,肯定
我问一下,询问
我感觉个人信息被线路,询问
打过好多次不要再打,否定
是你说,肯定
维修过,肯定
哪种保险,询问
我不清楚我跟你说,请求重复
有什么优惠,询问
不要打扰我,否定
不是我在用,否定
哦你哪里幺,询问
我说邮,肯定
现在我那是送上班时间没有时间那个接电话,等待
对怎么说,肯定
不好的,否定
怎么评分,询问
到,肯定
是自己,肯定
不行不行不行,否定
不移车怎么办,询问
会多收钱吗,询问
软件收费吗,询问
手续费是几,询问
别吵我,否定
你是客服还是机器人,询问
哦你给我说一下,询问
你说你要送什么东西,询问
还没解决,否定
清清楚,肯定
我我说是我用的,肯定
你们这边能贷几的,询问
收费不收费,询问
这个套餐不想用,否定
谢谢这个你什么事,请求重复
行吧请说,肯定
好嘞好嘞时间就问一下,询问
你怎么什么都识别不出来,否定
别想骗我,否定
你哪位,询问
那我这钱就直接接到银行卡里是,肯定
问你,询问
这个都不知道,否定
没办理过这个业务,否定
游戏顾问,肯定
傻逼,否定
多久,询问
有八十八,肯定
随便,肯定
不着急,等待
什么时候结束,询问
就好,肯定
不着急等一下,等待
你就是说,肯定
那行好嘞谢谢,肯定
好行好的谢谢,肯定
截止到什么时候,询问
好嘞嗯,肯定
你们能贷几钱,询问
去你们公司该怎么走,询问
能把车主联系方式直接给我吗,询问
怎么打开终端,询问
你走,肯定
不补充,否定
哪类房产,询问
哪个先用,询问
去你妈,否定
是什么事,肯定
你倒底想说啥,肯定
是我那个什么,肯定
直接使用,肯定
没法用4g,否定
多长时间,询问
办一个吧,肯定
办一张办一张,肯定
来忘记,否定
喂办理过,肯定
吧,肯定
在忙,等待
我什么时候能用上这个业务,询问
你管我多大干嘛,询问
说邮,肯定
好好好好行我不想要,否定
我想换到电信,肯定
告诉我客服电话,询问
就这个,肯定
对干嘛,肯定
什么游戏,询问
是什么,肯定
别骗我,否定
说有有能听懂吗,肯定
你们公司成立几年,询问
你好烦,否定
说说有信用卡,肯定
时间到还会扣钱吗,询问
为什么问你的你都不知道,否定
稍等,等待
有个问题想问你，,询问
你咋啥都不知道,否定
接入,肯定
如果找不到该车主如何解决,询问
我想解这个额度,询问
怎么还没来移车,否定
不是我用,否定
你们怎么会这么好心送流量给我,询问
那你说把,肯定
及时到达,肯定
有过一次的,肯定
什么业务你再说一遍,请求重复
没有我就时间我就时间把这话费多一点,否定
有怎么,询问
周末有事,等待
流量完收钱吗,询问
留个电话号码吧,肯定
按键打分吗,询问
你都不用的,询问
最多贷几,询问
我说我说我有信用卡,肯定
怎么免费,询问
对那好,肯定
答非所问,否定
给我滚,否定
利率怎么算,询问
有啥事儿,询问
可以借现金吗,询问
嗯有的,肯定
没让你给我打的,否定
哪里拿的我的号码,询问
余几钱,询问
噢我现在没有时间我先不需要,等待
这样行吧,肯定
每个月八百兆,肯定
暂时不用谢谢,否定
没问题,肯定
想销户,否定
成龙,肯定
你可以说一下,肯定
也太不专业吧,否定
我已经有血糖仪,肯定
嗯有的就需要还信用卡,肯定
嗯聊解,肯定
家里面在用,肯定
号被盗,否定
吃饭,等待
是的是的是的,肯定
你是骗子吗,询问
可是我现在没钱,否定
是想借但是,肯定
你脑子有病吧,否定
就是能给我几额度,询问
怎么免费,肯定
我现在不方便,等待
价格,肯定
我卡多,肯定
这么久还没处理,否定
我们统一办理的卡,肯定
你可不可以再说一遍,请求重复
去哪办,肯定
嗯那行你预约吧,肯定
有还问,肯定
你们预测股票准吗,询问
行好嘞,肯定
能给我车主联系方式么,询问
再说吧,等待
我已经四十多,肯定
没钱,否定
行再见哼,等待
二十三门,肯定
我现在有点吗,等待
你哪里人,询问
我没听清楚,请求重复
对不起你大错,否定
很差,否定
好嘞好嘞好嘞,肯定
行你给开通吧,肯定
有车有房,肯定
嗯好嘞好嘞那那行,肯定
是的是的,肯定
你们这上边来,询问
没办法转账可以上门取钱吗,询问
咋回事,请求重复
不是人工坐席,否定
送到,肯定
送什么东西,询问
等老久,否定
嗯又不用吧,否定
嗯嗯,肯定
有什么费用,询问
不想补充,否定
目前还是有的,肯定
你是做什么的,询问
哦对不好意思我不太明白,请求重复
我不用来电,否定
一下话费不,询问
我有血糖仪,肯定
留个联系方式,肯定
我完全认可,肯定
可以那就能改吧,肯定
那我转告行吧,肯定
怎么会用我的号码,询问
你说这个不懂不懂,请求重复
你是哪里,询问
我要换套餐,肯定
我不明白这是啥意思,询问
什么支行,询问
可以听,肯定
抵押怎么做,询问
要表扬,肯定
好买买买,肯定
我满意,肯定
你是移动公司,询问
我不知道具体地址,否定
哦我暂时不用换还是这样吧,否定
嗯好可以行好,肯定
配合你们回访有没有好处,询问
不认识,否定
记性不好,否定
那你们这边是时间返款吧,询问
赔付应该,肯定
幺三,肯定
转不,否定
你打错吧我没办理过,否定
好的你是否能接线请,询问
哦可以,肯定
这个是,肯定
活动真实吗,询问
我没空去还,等待
到现在都没使用过,否定
哦是吧,肯定
我再国外能用吗,询问
我现在在上班可以时间打过电话吗,等待
嗯方便你说吧,肯定
能用几年,询问
有什么事吗,询问
我在开车我再开通什么手机,等待
就这样吧,肯定
我是iphone,肯定
缴过,肯定
时间得流量能留到时间使用吗,询问
狗屁,否定
我现在没多的钱去充话费,否定
免费吗,询问
哦不不,否定
骗子,否定
那个啥东西办理,请求重复
哦好的好的好的好的好的,肯定
们要由,肯定
你到底想说啥,询问
嗯嗯嗯嗯,肯定
对你说是,肯定
抱歉开车等会详细我服,等待
所以我那看看,等待
对没有,肯定
车主没来,否定
现在不能办理好好好没,否定
不需要你你详细说一下,肯定
他是只能我一个人用吗,询问
听起来不像人工坐席,否定
送几兆,询问
嗯我改个嘉定,肯定
我说办理,肯定
你们游戏里有托吗,询问
嗯你是哪家公司,询问
能借现金吗,询问
喂你好是的,肯定
怎么通知我,询问
我该怎么操作,询问
当然注册,肯定
别在烦我,否定
我现在在开会,等待
好像收到,肯定
我没有信用卡可以使用吗,否定
这个活动是多长时间,询问
是单位统一办的卡,肯定
好怎么办,肯定
你们可以上门来拿钱吗,询问
不要再打给我,否定
你自己用吗,询问
我那还没,否定
是不是全国流量,询问
下午打电话给我,等待
们家覆盖吗,肯定
我有个问题,询问
你妈的,否定
怎么致电客服,询问
哪个营业厅有办理这个活动的,询问
不是你不是山东人吧,否定
贵,肯定
单位给我办理的,肯定
那我这边这个额度是几,询问
我现在很不方便,等待
游戏啥时候生效,询问
能支付宝支付吗,询问
我是啥事,肯定
你干嘛的,询问
你别说,否定
等一等再去,等待
按次业务,肯定
你太吵,否定
我是不是可以多充一点,询问
你为啥给我打电话,询问
你等会现在不方便接电话,等待
你姓什么,询问
丢失,否定
你刚才说的是什么,请求重复
对好嘞好的,肯定
不是我再问你能听到我说,肯定
114是什么,询问
是安卓手机,肯定
时间是不是就不能充值,询问
操作准不准,询问
能不能上门找我拿钱,询问
嗯对对你好,肯定
不用我都用有宽带,否定
是好吧,肯定
你的号码显示不对,否定
开通三十,肯定
联系不到车主,否定
烦不烦天天打电话,否定
你找啥事情,询问
送多久,询问
你哪里的移动,询问
我们家覆盖吗,肯定
哦对你是哪里,询问
你在哪,询问
赠送和套餐的流量哪个先用,询问
行那下午车嘞,肯定
我咨询号,询问
你怎么这么烦人,否定
我二十多,肯定
你们是哪里的,询问
我很少用,否定
啥版本,询问
如果说这样是吧,肯定
我不考虑,否定
对对光宽带,肯定
没没有修好,否定
烧钱吗,询问
那你给我说一下我请问一下不会是骗人的吧,询问
这个流量在外地可以用吗,询问
不好用,否定
办理的原因说,肯定
宽带几兆,询问
有咋,询问
我没话费,否定
喂,肯定
嗯那查看一下,肯定
你连这个都不知道吗,否定
我充二百送几,询问
我想要,肯定
看不,否定
神仙太多,肯定
谢谢,肯定
不考虑,否定
行谢谢,肯定
怎么做什么业务,询问
你是谁我刚刚不在家,询问
请解释给我,请求重复
想申请一下然后,肯定
问一下额度是几,询问
每月几钱,询问
没申请,否定
弄不,否定
是得准确,肯定
先不办理,否定
4g流量如何使用,询问
到公司的具体路线是什么,询问
号,肯定
可不可以让车主赶紧来,询问
没啥不需要补充的,否定
不在省内怎么办,否定
太烂,否定
拒绝交流,否定
与七号如何增加利息,询问
暂时还没,否定
嗯聊解一下,询问
可不可靠,询问
这个活动是什么样的,询问
你们怎么会有我的号码,询问
继续,肯定
要钱吗这个业务,询问
我在国外,肯定
不记得,否定
流量顺序,肯定
我现在很忙等一下,等待
什么宽带,询问
嗯用不到,肯定
给什么东西,询问
反正我,肯定
我如果那个问题吗,询问
什么时候放款,询问
4g开关在哪里,询问
商业化,肯定
吗时候截止,询问
怎么开启4g,询问
怎么支付,询问
手机话费号码这个号码,询问
那那是的,肯定
我咨询号,肯定
活动期多长时间,询问
多久能拿到钱,询问
要干嘛,肯定
如何开启4g,询问
请问一下,询问
你们是什么银行,询问
你是人工还是话务员,询问
无牌车怎么办,否定
我不用,否定
哦不管那,肯定
我说有,肯定
我四十不到,肯定
没安好,否定
曾经有过,肯定
安监,肯定
你怎么会我的电话号码,询问
怎么办,肯定
没有正常,否定
时间到不会再收钱吧,询问
哪条路上,询问
够烦人的,否定
行好嘞时间吧,等待
嗯好算我不想办,否定
有几次,肯定
公司名,肯定
真的不喜欢打游戏,否定
就是继续吗,肯定
错电话,否定
我想去你们官网看一下,肯定
办理什么,询问
等会儿打电话过来,等待
你的身高是几,询问
哦我没听明白那就没有你说啥意思,请求重复
我想问一下你们的客服热线,询问
怎么会有我号码,询问
你是怎么知道我的电话号码的,询问
会自动取消吗,询问
没人给我联系怎么,否定
我这个要欠款的话可以提前还款吗,询问
看看,等待
你谁,询问
请给说明一下,询问
偶尔吧,否定
g几钱,询问
你们通过什么途径获得我的信息的,询问
四,肯定
这个号码不是联通的客服吧,询问
好的哦看是吧,肯定
好稍等一下,等待
不要算吧,否定
你是腾讯公司吗,询问
哦行行行你帮帮我给改一下吧,肯定
移车需要多久,否定
搞什么鬼,请求重复
没有使用过,否定
这个业务不好我想退掉,肯定
是自动取消的吗,询问
不会是骗子吧,询问
起借金额是几,询问
太多挂,肯定
你们是哪里,询问
不转,否定
你等会我现在不是,等待
喂你好我没听清你刚才说的是什么,请求重复
送几g,询问
手机4g怎么用,询问
听得见我吗,询问
能不能把你微信给我,询问
付,肯定
我说预约,肯定
哦不用我现在不用流量什么的,否定
换套餐,肯定
不明白你的答复,否定
不用好,否定
我只能这个号办理吗,询问
不考虑嗯,否定
听起来像机器人,询问
再问一下，问你一下,询问
你打错,否定
嗯啥事儿,肯定
哦你找我什么事,询问
天天催什么催,否定
好没事,否定
听得见吗,询问
官网是几,询问
没人打电话,否定
我们要由,肯定
好是,肯定
卡能快递给我吗,询问
我很少使用,否定
你们的分期是多久,询问
在开车,等待
我家人会去的,等待
嗯换九十八的,肯定
哦暂时我可能用不到吧,否定
凑合吧,肯定
是不是什么时候都能参加,询问
以后是不是就没有,询问
以后还会不会有这样的事,询问
你这个东西有啥用,肯定
能用来上网吗,询问
有手机APP吗,询问
在开会,等待
这办理的是什么业务,询问
能用几个月,询问
苹果手机,肯定
嗯行听明白,肯定
我讲话你听不到是吧,询问
利率几,询问
没有哦,否定
我现在没空,等待
我能使用多长时间,询问
我们以前,否定
我说给我便宜点,否定
行行好的好的,肯定
你们哪里来我的信息,询问
唉,肯定
是公司统一办理的,肯定
办一下,肯定
马上,等待
嗯没有,否定
额度高吗,询问
新版本推荐哪个职业,询问
我身上没钱,否定
行行,肯定
我要注销省被美女,否定
我现在我在外面听不见,等待
有没有送什么东西,询问
怎么办理取消,询问
游戏里可以语音吗,询问
没得,否定
你这不划算,否定
哦不管那,否定
哦自己弄那,肯定
再,肯定
我没申请过,否定
二十兆,肯定
也就算吧,否定
在外地也不限量吗,询问
把你们公司的地址给我,询问
你刚才说什么,请求重复
我没有信用卡可以办,否定
不需要不需要,否定
那么三个月以后,询问
你说一下吧,肯定
我年龄大,肯定
你是腾讯吗什么带宽,询问
在哪里,询问
要几费用,询问
没有时间就给你交,肯定
能听得到我说话吗,询问
哦行好嘞好考虑好的,等待
他有的,肯定
啥事儿,肯定
我补认识路,否定
狗屎,否定
这个活动这么好下次多实施一些把,肯定
嗯我们这边是没有覆盖,否定
那意思我没听明白,请求重复
个月后要钱吗,询问
我说约吧,肯定
不用花钱吧,肯定
这个都不知道吗,询问
怎么付钱,询问
这个业务什么时候可以办理,询问
他可以留到时间吗,询问
有点贵,肯定
宽带怎么送,询问
等等再去,等待
你给我说一下到底都有什么用,询问
你们是干嘛的,询问
噢噢不需要宽带,否定
你不是联通客服吧,否定
哦我们已装过宽带,肯定
那个他流量要钱吗,询问
我想问一下你这边一百块能接吗最少要借几,询问
什么角色好,询问
我这忙,等待
新浪股票是真的吗,询问
你先别给我介绍,否定
怎么充值,询问
没弄,否定
单位,肯定
我没听明白你这种,请求重复
你怎么这么繁人,否定
你这是哪里,询问
非常好,肯定
有自动取消的吗,询问
能告诉我你的QQ吗,询问
是需要需要,肯定
对的对的,肯定
没人联系,否定
怎么有我信息,询问
四g,肯定
花钱多吗,询问
他可以共享吗,询问
支付宝,肯定
瞎眼的没公积金,否定
可以怎么办嘞,肯定
是我本人在用,肯定
再见你怎么不给我解,否定
对楼,肯定
用其它的,肯定
安全吗,询问
没法沟通我不想解,否定
如果是上门取钱你们愿意来吗,询问
挺不错,肯定
请讲嗯是这样的我现在借入的款然后我有钱我想把它提前还,询问
面对面好一些,肯定
那不知道,否定
别再催我,否定
活动真什么,询问
完网是什么,询问
哦好吧那行,肯定
上午准时的,肯定
我不是机主我就不能办理吗,询问
现在不还,否定
我剩下几块,询问
你的还没有结婚吧,询问
动迁房行不行,询问
现在有空,肯定
可以在现金用吗,询问
什么公司,询问
我打扰你,否定
嗯好那你帮办吧,肯定
套餐已经够,肯定
对是这样,肯定
你听错,否定
对订,肯定
费用太高,肯定
对我是,肯定
不是我现在很抱歉过一会打过来可以吗,等待
流量超出收费贵吗,询问
安卓怎么打开,询问
给办,肯定
是这样,肯定
我没钱我不想用,否定
我觉得我没啥用,否定
你是傻子吗,询问
产品内容,肯定
听不听得到,询问
到时取消怎么办,询问
对缴纳,肯定
你在听我讲话吗,询问
我用的是安卓手机,肯定
做什么的,询问
忘记,否定
这你都不知道,否定
哦你找我干嘛,询问
重新说一遍吗,请求重复
为啥会联系我,询问
公司统一,肯定
行好嘞你给我开通吧,肯定
没钱不想,否定
嗯有需求我是想问一下就是你们这个度是几,询问
交,肯定
114移车是干嘛的,询问
听得到我说吗,询问
公司董事长是谁,询问
你时间充值吗,询问
我没这个卡,否定
是否能借金,询问
你听得清我在说话吗,询问
活,肯定
我很忙的没空,等待
没听不清楚这东西,请求重复
只有老家的房子,询问
对的,肯定
查下话费行不,询问
额暂时没需求,否定
妈的,否定
喂喂喂,询问
这个活动能否多充多送,询问
你们是怎么贷的,询问
我该怎么到公司,询问
帮我查下话费把,询问
是这样子的,肯定
开这个流量地区能用吗,询问
你倒底想干啥,询问
比较好,肯定
谁告诉你我的号码的,询问
多久钱能到账,询问
嗯嗯能休息然后等会儿你这,等待
你能回答我一个问题吗,询问
系的,肯定
喂你好吗,肯定
不要,否定
我能知道你的微信号吗,询问
我是不是什么时候充都行,询问
我听着,肯定
哦办一个吧,肯定
如何保证公平公正,询问
我问你个事,询问
算就说好的,肯定
安不安全,询问
能给说说吗,肯定
现在有事待会再说,等待
你们公司在哪里,询问
先详细说一下,询问
新浪股票不行吧,否定
可以灵庄,肯定
我在国外还能用吗,询问
在外地,否定
我就不用宽带,否定
那好的,肯定
不打游戏,否定
过期之后怎么样,询问
能介绍一下业务吗,询问
我现在不需要你上班,否定
能不能加个微信,询问
我在开车你给我来电打过来吗,等待
账号安不安全,询问
有送什么东西吗,询问
我该怎么办理,询问
没代收,否定
没有信用卡,否定
他说我现在已经有事不好意思,等待
少少少钱,否定
对什么事儿,肯定
已经给我打过,肯定
你这是移动公司的,询问
对什么,请求重复
钱少话费贵,否定
能再说一下几带宽吗,询问
我们是电信的,肯定
直奔重点,肯定
没有维修好,否定
好等于说,肯定
我要去办理销户,否定
新浪股票是什么,询问
没没,否定
哦那办理吧,肯定
这么快我都没听轻,请求重复
没有还没过来,否定
怎么,肯定
我已经激活,肯定
接到别打我电话,否定
没办法,否定
再见多一点,肯定
没有怎么,否定
有意思吗,询问
是是,肯定
别老是催我行不,否定
先挂,否定
最近事情太多,等待
不必,否定
一直没来移车,否定
你帮我,肯定
修没有修好算不用,否定
行那找不办,否定
不常用,否定
你们打电话是随机的吗,询问
有没有在听我讲话,询问
嗯解一下,肯定
哦你这边是在地区哪里,询问
哟记不清,否定
嗯好吧好吧,肯定
现在能办吗,询问
我要表扬,肯定
嗯你找我干嘛,询问
好好嗯,肯定
行行好,肯定
哦我自己弄那,肯定
活动期多久,询问
你们自己就这个软件吗,询问
新浪股票,肯定
我没讲完大哥,询问
要重新下客户端吗,询问
不好意思没听清你能再说一遍吗,请求重复
我不用办理用过呗,否定
学什么,请求重复
现在我现在不办,否定
你想干啥,肯定
不要再骚扰我,否定
有事说,肯定
挺好的然后,肯定
没人给我联系,否定
让我再考虑考虑,等待
送几年,询问
好的好的好的好的好的,肯定
你再说一遍什么,请求重复
我说这个业务收费吗,询问
喂行,肯定
到时能取消吗,询问
这么好找我,询问
嗯可以好,肯定
啥意思,请求重复
只有我自己可以领吗,询问
我这边的信息怎么会有的,询问
你说嘛意思,请求重复
客户端哪里有,询问
哦行你说是吧听着,肯定
有效期多长时间,询问
能用几周,询问
办理宽带是吧,询问
没有宽限期吗,询问
然后没听明白怎么,请求重复
新区画面有点难看,否定
是还是不是,询问
哦行那个,肯定
行嗯好,肯定
嗯说吧,肯定
几,询问
好的办理吗,询问
这种你是哪里,询问
能不能做到多充多送,询问
什么卡,请求重复
有的有的想起来,肯定
怎么几,请求重复
问问你,询问
好嘞再见,肯定
哦你是,询问
二十三班,肯定
我没听明白你说太快谢谢,请求重复
修好,肯定
也可以也是,肯定
你有对象吗,询问
你们信息泄漏吗,询问
我能给你打电话吗,询问
晚会打给你好吧,等待
你别说哇,否定
好玩吗,询问
我的号卡已经丢失,否定
你这是机器人吧,询问
你们利率是几,询问
这个号我已经不用,否定
你帮我介绍一下,肯定
你这个不是的,否定
听得到我说话吗,询问
你到底想干啥,肯定
我不会下来差不多,否定
新浪还做股票吗,询问
嗯行好,肯定
没有来维修,否定
怎么去你们公司,询问
你好是的,肯定
额好行行行嗯好的,肯定
参加,肯定
到期还会送吗,询问
找我有什么事,询问
哦那不需要这个号他说,否定
我十几岁,肯定
好嘞嗯好嘞好嘞,肯定
你们是找我送流量为什么,询问
怎么安装,询问
没有解释清楚,否定
很少,否定
这个活动截止到什么时候,询问
怎么天天打给我不要再打,否定
当面说吧,肯定
我这边一百元的借吗,询问
你是不是打错,否定
请稍等明细,等待
有公积金,肯定
干啥,询问
嗯清楚好的,肯定
是否能现现金,询问
找不到车主如何处理,询问
单位里边给我们办的卡,肯定
我说你说啥,请求重复
又想出来骗人是吧,询问
这个不需要告诉你,肯定
哪里的,询问
不在省内能使用吗,询问
哦知道知道你可以拿,肯定
别打我电话,否定
你联系方式是什么,询问
说一下分数是吗,询问
四不同去口都说我是是的是的,肯定
是对吗,肯定
找不到该车主如何解决,询问
你们不是联通客服吧,询问
怎么会这贵,肯定
那好吧,肯定
代收,肯定
没有时间,等待
东西有过等一下,等待
我没听明白什么意思,请求重复
有话快说,肯定
不想说话,否定
好,肯定
充完怎么送,询问
你们跟什么银行合作,询问
我已经拿到,肯定
能听见,肯定
哦行你说一下吧,肯定
我在云南能用吗,询问
我不需要他给我改,否定
你给我说吧,请求重复
没听过新浪股票,否定
太贵太贵,肯定
不告诉你,否定
我在出差,肯定
自己就好,肯定
哦你说我不明白我没听明白会正常走,请求重复
你能不能听到我讲话,询问
哦没有,肯定
你说慢一点不清楚,请求重复
我们这个卡,否定
这个活动什么时候截止,询问
走路那我再说,等待
是否能借现金,询问
嗯我现在在开车,等待
我不办这个业务,否定
怎么操作,询问
你什么名字,询问
你们怎么有我号码的,询问
外挂多,肯定
不知道怎么操作,否定
你这是真的假的,询问
问一下,询问
你们是为什么是腾讯专员,询问
到外省能用吗,询问
说重点行不行,肯定
不好,否定
为啥为啥,请求重复
我怎么领卡,询问
我过不去,否定
我那个终端,肯定
还要忙于其他事没时间,等待
嗯好吧,肯定
我钱不够用,否定
我还没办理,否定
费用是几,询问
还钱方式,肯定
流量能分享吗,询问
手机卡太多,肯定
有没有保障,询问
有不止一个,肯定
咋听不清情况,请求重复
怎么合作,询问
有几天,询问
我现在有点忙,等待
没装好,否定
流量在地区能不能用,询问
还有一点就没有解决,否定
话费能干啥,询问
哦怎么,肯定
好的好嘞,肯定
我想问你可不可以提前还款,询问
我这会有事再说吧,等待
测试准不准,询问
喂你你什么意思,请求重复
我不用家人再用,否定
我说我要狠狠的拒绝你,否定
这边可以提现金吗,询问
我觉得度有点低我可以在这边提升度吗,询问
我是你是谁,询问
车主到现在还没来,否定
如何激活,询问
是iphone,肯定
再见,否定
你是真人客服吗,询问
苹果机如何设置,询问
我现在忙,等待
么申请过这个卡,否定
留个联系方式吧,肯定
你是不是打错电话,否定
啥事,询问
费用高,肯定
你有用这个软件吗,询问
是真的吗,询问
对那活动,肯定
机器人吧,询问
我没清楚,否定
我已经十岁,肯定
没功夫管,否定
我现在没,否定
宽带怎么用,询问
流量能让我朋友使用吗,询问
我着急用钱,肯定
我有疑问,询问
你给到我度是几,询问
等一下等一下,等待
上班,等待
怎么意思,请求重复
失败,否定
你现在给我说吧,请求重复
喂唉,肯定
等会儿再打过来,等待
没有对,否定
怎么还款,询问
我用的是iphone,肯定
行行行行好吧我看看,肯定
给我约吧,肯定
还贷方式有哪些,询问
不还是到,否定
算我不要,否定
收取几费用,询问
我还没拿到,否定
进去方面是否有改善,询问
很差很差,否定
请讲,肯定
这个血糖仪有什么好的,询问
给啥,询问
好那好的,肯定
对你哪位,询问
嗯好的好的行好可以,肯定
你再给我报一遍,请求重复
好那你说实名制是几钱,询问
办理流程怎样的,询问
你找我有什么事情吗,询问
我想换到移动,肯定
有什么事,肯定
好没,否定
确认,肯定
如何打开4g开关,询问
我那个套餐不能,否定
你刚刚说这个冲一百送一百我怎么充,询问
我现在在忙,等待
是谁,询问
唉直接帮我转,肯定
等会儿等会儿,等待
嗯我宽带我们需要,肯定
我问你个问题,询问
激活过,肯定
嗯需要,肯定
你这边能够借几,询问
不收费吧,肯定
你这个是真的还是假的,询问
麻烦,否定
这个卡我没办过,否定
请问,询问
啥原因不想参加,否定
不好意思你打错,否定
嗯有需求,肯定
晚点再说,等待
我讲话你是听不到是吧,询问
太忙,等待
你想说啥,肯定
听起来不像人工坐席,询问
我有需求我想去,肯定
差不多吧我就想问一下我是不是量做好就得尽快,询问
流量可以一直用下去吗,询问
你们可以上门来,肯定
没有报修过,否定
是不是真假,询问
中国联通跟腾讯有关系吗,询问
否,否定
没有解释清楚,请求重复
解,肯定
没有没有你说什么听不懂,请求重复
否定,否定
你们是腾讯专员吗,询问
嗯嗯解一下,肯定
联系过,肯定
奥怎么给分,询问
嗯我没听明白是,请求重复
不对哦转到,否定
你们公司还有其他产品吗,询问
那个我不要谢谢,否定
自己弄好,肯定
快点,肯定
我的是iphone,肯定
我现在有空,肯定
说一下给的分数吗,询问
要钱吗这个活动,询问
想说就说,肯定
我想问一下我现在注册,肯定
你这是真的还是假的,询问
OK,肯定
二十岁到四十岁之间,肯定
你们给我度太低根本不够用,否定
我的月租是几,询问
你是干啥的,询问
我这个流量本月还能使用吗,询问
哦,肯定
车牌号看不清,否定
超过四十八,肯定
你们这个是怎么计算费率的,询问
你们能保证我的信息安全吗,询问
我不到二十,肯定
工单,肯定
到期后收费吗,询问
没时间没时间挂挂,等待
怎么结款,询问
那我没有信用卡怎么办,否定
有没有在听我说话,询问
你在哪可以知道哪里,询问
可以吗可不可以提前还款,询问
没钱充,否定
你好麻烦你个问题没看,否定
不是不用,否定
哦我现在忙,等待
好的我现在知道我现在,肯定
你是机器人还是话务员,询问
有恋人关系吗,询问
公司统一办理的,肯定
等一下等一下等一下等一下,等待
那你们客服热线是什么,询问
你你继续说你继续说,肯定
现金贷吗,询问
我这是单位统一办的卡,肯定
你给到我额度是几,询问
要几钱的,询问
你们是不是会收费,询问
不清楚在说啥,请求重复
先生我能问你个问题吗,询问
没时间,等待
给我讲讲如何激活,询问
那那行,肯定
销户,否定
我想问我想先问个问题,询问
好好嘞好嘞,肯定
4g如何开启,询问
急着用,肯定
那个我还款不是自动再查里面扣的吗,询问
我手机上已经有其他的业务,否定
测试的真的准吗,询问
有什么奖励,询问
已经代收,肯定
哦行我看看吧,等待
不客气我现在没有时间,等待
什么叫电脑随机不好为什么会我手机号,询问
预约,肯定
你打电话干嘛,肯定
我才十几岁,肯定
服务很好,肯定
行行好好这样吧,肯定
好不好,请求重复
你有事儿吗,询问
你能帮我查一下我的话费吗,询问
通,肯定
嗯那行我办一个吧,肯定
还没来,否定
准时到达,肯定
家里有,肯定
测试的真的很准确吗,询问
就你们那太贵,肯定
游戏花费多吗,询问
已经收到,肯定
没办理过,否定
有买保险,肯定
你好好嘞,肯定
我当前费用几,询问
哦好可以,肯定
等回头打给我,等待
不是你听我说一下你别说,否定
我已经是说吧,肯定
太忙去不,等待
就搁你都不知道,否定
对的对的对的,肯定
你单身吗,询问
没有上门远程操作的我已经参加其他的活动,否定
收到,肯定
赠什么,肯定
你们这个省内安全出口,询问
我讲的话有没有听见,询问
去哪里,询问
流量能分享着用吗,询问
这是什么平台,询问
嗯嗯查询,肯定
客户端去哪里下载,询问
我想问一下你这边的利率是几,询问
不在,否定
4g流量在国外怎么收费,询问
行,肯定
不保值,否定
算吧,否定
行好嘞你给开通吧,肯定
那行再见,肯定
好嘞知道哦我想不用,否定
激活,肯定
不用来打电话,否定
现在直接跟我说,请求重复
对打过来我知道,肯定
什么时候到账,询问
我用电信的,肯定
流量流量收费吗,询问
付费的,肯定
我没有我不是跟你说我没有信用卡,否定
三月后,肯定
谢谢等一下这样,肯定
又想骗我,否定
是的那个,肯定
时间还能用吗,询问
我要是流量用超怎么办,询问
查询查询收不,否定
不要天天给我打电话行吗,否定
我不愿意办,否定
嗯行麻烦你对,肯定
我现在的王卡有话费吗还,询问
烦不烦哦,否定
没签收,否定
不及格,否定
我现在没用,否定
我想说你这边是什么公司,询问
是的没错,肯定
你能帮我看看我还有几话费吗,询问
我说我在,肯定
你想干啥,询问
哦我那个有宽带,肯定
有还问我,肯定
我是不是多充多送,询问
怎么评分的,询问
我不想办理,否定
我身边的人能办理吗,询问
安卓的4g流量开关如何打开,询问
我看一下,等待
我申请过吗,否定
怎么又4g,询问
我最近很忙的,等待
挂吧挂吧,否定
到期会自动取消吗,询问
你是不是机器人,询问
有人联系怎么,肯定
你能回答我提出的问题吗,询问
是单位统一办卡,肯定
行行行行好吧看看,肯定
七我有个问题问你一下,询问
等一下吧,等待
公司的名称是什么,询问
想转网,肯定
你们是骗子吗,询问
你先详细介绍一下吧,询问
没有补充的,否定
我有一个问题,肯定
不是商品房的可不可以,询问
好像没有,否定
你打电话有什么事,询问
这里只是想问一下你这个,询问
登记吧,肯定
刚刚给处理来,肯定
过去还有个问题要问你差不多那个东西不是网的我,询问
知道吧看看,肯定
为什么打分,询问
我在线,肯定
讲嗯,肯定
几利率,询问
你的声音很好听留个电话吧,询问
你现在在电话里直接说吧,请求重复
不是我用的,否定
我没有二十,否定
那个麻烦你说慢一点我没听清,请求重复
是不是免费,询问
我说你们这边能接现金,肯定
很准时,肯定
4g如何设置,询问
现在能办吗,肯定
哦行那你给我改吧,肯定
过后还收钱吗,询问
真的假的,询问
真不真,询问
然后你现在怎么怎么办,询问
说我这边最多可以接几钱,询问
好的好的好的,肯定
赶紧说,肯定
密码找不到,否定
女士我能问你个问题吗,询问
那我需求,肯定
赠送和套餐的流量谁先用,询问
记不清,否定
我么有房,否定
那是什么意思就是说得开通个套餐呗,请求重复
公司什么时候成立的,询问
现在没空,等待
不要通过淘宝充值的,否定
这个你,否定
就是好的,肯定
很好,肯定
我多充能多送几,询问
你先等会我一会给你打过去,等待
那个,肯定
我也不知道反正我又玩儿完你看抱歉,否定
非常满意,肯定
这是干嘛的,询问
滚,否定
是所有人都有的吗,询问
脑子进水,否定
嗯那我再问一下就是这,询问
要收我几话费,询问
这是辆无牌车,否定
哦行行就办一个,肯定
哦有什么业务,肯定
我不知道你是谁,询问
哪里,询问
穷,否定
真的讨厌游戏,否定
不需要,否定
如何打开,询问
企业金几,询问
请解释一下,请求重复
已经说过,肯定
回头打给你行吗,等待
我最近太忙你们能上门取钱吗,询问
没来得及弄,等待
喂已经很多卡不想办理,否定
我能给家人办一个吗,询问
听得到,肯定
有人联系我怎么,肯定
你们要收点吗,询问
嗯我转告,肯定
是是是是,肯定
只能我一人使用吗,询问
找到车主联系我,肯定
月租太贵,肯定
你用这个吗,询问
他用户号码,询问
你介绍一下也行,肯定
我没有点装宽带,否定
对嗯好的,肯定
咨询一下,询问
我去你们那里面谈吧,询问
我现在没有时间,等待
这是个什么样的活动,询问
详细说说吧什么事,询问
好的知道,肯定
哦行吧好吧,肯定
这个卡怎么领,询问
我不怎么想用,否定
我四十多,肯定
我参加其他的业务我能在参加这个业务吗,询问
我是什么事,询问
我这有有免费的,否定
我说你这边能接现金吗,询问
的嗯,肯定
嗯事情吗,询问
提前还款要多收费吗,询问
发条信息给我吧,等待
游戏更新时间,肯定
有些,肯定
哪个移动,询问
游戏中可以聊天吗,询问
没报修过没有报修,否定
卡坏,否定
我刚才没听清再说一遍好吗,请求重复
暂时不需要,否定
我穷,否定
好我考虑一下,等待
你是不是骗子,询问
几兆,询问
重点是啥,请求重复
我自己办的,肯定
如何付款,询问
对吧要钱吗,询问
已经送过,肯定
不喜欢游戏,否定
我现在宽带,肯定
我已经六十多,肯定
要,肯定
好吧,肯定
请再详细解释一下,询问
嗯行行行好,肯定
收钱吗,询问
干啥,肯定
我签,肯定
没对,肯定
有需求想去,肯定
你找我啥事情,询问
怎么安装,肯定
嗯到那你们在地区,询问
如果是我问就是内容,肯定
你们拿听不懂,请求重复
这个流量收费吗,询问
好的谢谢提醒,肯定
嗯不用改这没,否定
可以短信接入,肯定
告诉我你的联系方式吧,肯定
我是苹果,肯定
应该是赠送,肯定
我没办信用卡,否定
哦行自己办,肯定
不游戏,否定
不要给我发短信,否定
到期取消如何办理,询问
哦怎么收费的,询问
我有一个,肯定
你是机器人的吧,肯定
收下,肯定
是吗,询问
你能给我介绍一下这个业务吗,询问
这么简单的东西你都不清楚,否定
我现在有用的宽带,肯定
移动吗,询问
你们这里有官网嘛我想去你们官网看一下,询问
真的不便宜,否定
你叫什么,询问
送,肯定
不用发短信,否定
我在农村,肯定
我现在没看,否定
我的朋友是不是也能参加此次活动,询问
我还没问,肯定
对说,肯定
我还有几话费,询问
可以提前还款吗,询问
这个流量使用顺序是,询问
不用不用,否定
同意办理,肯定
行好好好,肯定
没多的钱,否定
关这么多干嘛,否定
费用几,询问
本人会儿,等待
操作流程怎样,询问
维修取消,肯定
我记不清,否定
哦你说吧是,肯定
保险价格,肯定
你是谁你是谁,请求重复
家里边有一个,肯定
车主不愿意移车三个月吗,询问
我是什么事情,询问
能先说一下具体的吗,请求重复
你打电话干嘛,询问
嗯行嘞,肯定
想问你个问题,询问
套餐生效,询问
你这个业务收费吗,询问
听不清,请求重复
这边的话人申请几额度,询问
到期会不会帮我自动取消,询问
不是人工坐席,询问
几,请求重复
3个g的省内流量是每月都赠吗,询问
然后你现在怎么怎么办,肯定
办宽带要钱吗,询问
利息高不高,询问
找到车主怎么通知我,询问
可以现在还能可以办嘛,肯定
我说话你听见吗,询问
留个微信号吧,肯定
自己办的,肯定
最低欠几钱,询问
修好修好,肯定
卡丢,否定
怎么不是幺零零幺零,询问
你们最高可以申请,肯定
我看看再见,等待
你是,询问
是我自己取卡还是你们给我送来,询问
我问一下期间金额是几,询问
没在,否定
什么是4g开关,询问
你说嘛,肯定
赠送多长时间,询问
你好能听到吗,询问
是移动好叻,肯定
你不是客服经理吗,否定
我在,肯定
能用几天,询问
使用顺序是什么,询问
不想参加,否定
这边的话我想问的是你可以借现金使用吗,询问
你怎么知道我的信息的,询问
你们会把我的信息卖吗,询问
这里没信号,等待
谁都能接几钱,询问
哦行行行好嘞,肯定
是什么公司,询问
偶尔用,否定
太亏,否定
哪种还款方式比较方便快捷,询问
那我这钱就直接接到银行卡里是,询问
我在听,肯定
第几版本的,询问
你有男朋友吗,询问
好的嗯,肯定
好提示,肯定
现金不多,否定
哦订,肯定
一直说一遍我没听明白行吧,请求重复
优惠什么,询问
嗯可能是,肯定
我没4g手机,否定
什么版本,询问
是人工坐席吗,询问
我就觉得吗拒绝,否定
是免费的吗,询问
流量超怎么办,询问
没拿到,否定
你时间办理吗,询问
办理吧嗯,肯定
嗯怎么,肯定
家里边还有点现金你们能上门拿吗,询问
不好意思我现在有点忙,等待
啥嘞,请求重复
是我本人在使用,肯定
已经装上,肯定
你联系方式是什么如何联系到你,询问
就是这么快我都没听轻,请求重复
不是你这边能去现金,否定
要点是什么,询问
对不起你打错电话,否定
你是猪吗,否定
我有需求,肯定
这是什么活动,询问
嗯我我不需要目前然后需要再联系,否定
你怎么这都不知道,否定
不可以,否定
信号太差听不清,请求重复
不给你我从来没有办理过,否定
请重说下,请求重复
你怎么什么都不懂,否定
好吧好吧嗯,肯定
你们会这么好找我送流量,询问
你等会,等待
你今年多大,询问
哦行看看怎么来,肯定
哦你是哪里,询问
怎么领卡,询问
再解释一下,请求重复
对说你们这儿,肯定
是需要我们自行取消吗,询问
你听不听的懂人话,询问
可靠吗,询问
哦行行,肯定
有个问题问你,询问
没有具体地址,否定
再打我告你,否定
快说重点,肯定
我的手机不是4g的,否定
好不错嘞原来这个是挺好还有都挺好对,肯定
我不知道,否定
然后行行行,肯定
能玩游戏挣钱吗,询问
你好我的套餐的,询问
你们安全吗,询问
哪个职业更好,询问
你重说一遍,请求重复
哦应该,肯定
你肯定是打错,否定
人工取消掉,肯定
别说谢谢,否定
好的七二,肯定
贵不贵,询问
无聊好的好的,肯定
哦我知道在忙的时候,等待
支付我说没有,否定
你是中国移动的,询问
好麻烦不要,否定
那边我你好,肯定
我现在很忙你过一会儿再打过来好吗,等待
你给说一下到底都有什么用,肯定
哦是你那边,肯定
我可以在这边提升度吗,询问
银行的太多的度,询问
么申请,否定
最低几,询问
还没有,否定
嗯好那你帮我办吧,肯定
现在正忙,等待
没有才二十岁,肯定
介绍下活动吧,询问
去哪办,询问
能让他人用吗,询问
你等会详细给我说,等待
有咋,肯定
我现在没闲钱,否定
没有买车,否定
是我自己办的,肯定
怎么消费的,询问
每个月八百兆,询问
安卓机能用4g吗,询问
你平常都是自己居住吗,询问
我老手机老年手机现在都不用,否定
你们从哪儿拿到我的信息,询问
说说这个产品吧,询问
态度很差,否定
可以再见,肯定
按时上门,肯定
怎么不把车主联系方式给我,询问
号好好,肯定
已经有,肯定
没钱不想充,否定
你一定是机器人,肯定
什么时候截止,询问
没有没有谢谢,否定
几乎不,否定
我可不可以给别人用,询问
付款没有成功,肯定
没人联系我,否定
自建房行吗,询问
北邮,否定
嗯可以,肯定
哦不要听,否定
行好,肯定
他那我这边不想要再见,否定
不知道啥,否定
你们自己有在用这个软件吗,询问
测得准不准,询问
利率是几,询问
烦人别再给我打电话,否定
如果说有问题是可以申请退款,肯定
啥事,肯定
余额公司的董事长,肯定
没收到,否定
额外费用几,询问
没时间打游戏,否定
行行行说你这个院,肯定
不需要花钱,肯定
正开会,等待
是吗,请求重复
我之前的业务影响这个业务吗,询问
嗯喂,肯定
你们最多贷几,询问
游戏没什么玩的,否定
要你有什么用,否定
你能帮我看下我的王卡还有几话费不能,询问
你可以挂吗,否定
嗯好有的你说,肯定
我那知道我能得到额外的优惠吗,询问
你办吧,肯定
对是是的号,肯定
怎么总给我打电话,否定
什么时间有贷款,询问
几年,询问
都是骗子我不会上当,否定
你这是哪里哪里,询问
好谢谢,肯定
收不,否定
说我不想要,否定
真的没时间打游戏,否定
你家是哪哦有什么业务,询问
你们有上门取钱这一项服务吗,询问
非常不错,肯定
要干嘛,询问
移动公司不是幺零零八六吗,询问
我没有用过4g,询问
有什么事吗,请求重复
这么贵,肯定
流量超怎么收钱,询问
我十二周岁,肯定
你好我的套餐的,肯定
没听清楚,请求重复
嗯现在不方便,等待
嗯嗯聊解一下,肯定
不是山东不是一直是幺零零八六吗它换成幺零零八五的,询问
我在开车,等待
按时,肯定
不想充这也太贵,肯定
流量是4G流量吗,询问
刚才信号不好,请求重复
似的,肯定
卡怎么领,询问
有花费,肯定
没激活,否定
我们装宽带,肯定
场景怎么样,询问
好的好的我又重新变更取消,肯定
怎么称呼你,询问
你那边,询问
我问能就现金吗他这边,询问
我说这个活动收费吗,询问
你说我意思是啥听说的,请求重复
没哈啥,否定
问一下如何评分,询问
什么都不知道干嘛还要做这个,否定
免费吗,肯定
是使用,肯定
这个额度是几,询问
加个微信可以吗,询问
接收,肯定
怎么按键,询问
抱歉我忘,否定
你们怎么会有我的联系方式的,询问
有社保,肯定
缴过公积金,肯定
什么都识别不出来,否定
事,肯定
手机流量怎样用,询问
等一下吧缴纳,肯定
我的是安卓的,肯定
嗯是,肯定
我自己录好叻,肯定
我已经五十多,肯定
我能听到,肯定
丢,否定
我没有4g流量,否定
是否能接听金,询问
哦那暂时不用,否定
及时上门,肯定
那你给改上去给改,肯定
我直接说就行,肯定
女士章吗,询问
收费几,询问
处理过,肯定
什么东西,请求重复
介绍一下游戏,肯定
我是想借但是限款没有成功,肯定
4g流量要怎么用,询问
好行行过来好的幺五二八,肯定
更换,肯定
你好好好,肯定
对是这样的,肯定
我偶尔用,否定
我在开会,等待
听明白这是,肯定
我问你个问题，,询问
你们是怎清楚知道准确的,询问
我没听清,请求重复
知道我如果借五千元的话你给我的那些是几,询问
听见我说吗,询问
能先说一下具体的吗,询问
利率,肯定
最近没空,等待
你们寄过来是吗,询问
怎么到你们公司,询问
对不起我忘,否定
到现在也没处理,否定
不要再打电话,否定
你是移动还是联通,询问
送的时间是几,询问
好玩嘛,询问
我们公司没有公积金,否定
嗯行行行好的,肯定
行办理吧,肯定
信号不好,等待
要干什么,询问
使用接几钱,询问
利率高吗,询问
行情,肯定
什么产品,询问
木油,否定
不在这个范围内,否定
我的座机是否可以上网,询问
给我办,肯定
有的有有的,肯定
什么意思,请求重复
我想解一下你们是什么公司的,询问
忙着,等待
最低起借金额,询问
别打行不行,否定
画质差,否定
这个几我能接几钱,询问
车主一直没来处理,否定
有什么奖励吗,询问
来过的,肯定
那这钱就直接接到银行卡里是,肯定
哦知道知道你可以,肯定
哦赠送的内容,肯定
画面怎么样,询问
注册,肯定
帮我绑定一下,肯定
好好好行行好嘞,肯定
二十,肯定
我没有保障,否定
你的名字叫啥,询问
车主不愿意移车怎么处理,询问
地址是几,询问
我有个问题能问你一下吗,询问
转圈吗,询问
我早就不用,否定
抵押的话是怎么做法的,询问
我很穷,否定
哦对对立那,肯定
我说这个流量收费吗,询问
哦那你不用给我办理不用,否定
你们有人监管吗,询问
西的,肯定
还款方式都有哪几种,询问
不用我这忙着,等待
官网更新,询问
好的就想找,肯定
我们公司成立几年,询问
能不能网上缴费,询问
假如是的,肯定
哦太贵不能用,否定
我说我二十岁,肯定
给我讲讲怎么激活,询问
我不想办,否定
从来没办理,否定
所有的联通网点都可以办理嘛,询问
你们的审核备案全度高不高,询问
按键,肯定
嗯以前是交过的,肯定
这懂,肯定
我的朋友是不是也能办理,询问
不到四十,肯定
那行再见,否定
你打完哈,肯定
嗯吗,肯定
我现在在异地,肯定
讨厌游戏,否定
请给说明一下,肯定
这个流量都能在哪里使用我还有问题上网快吗,询问
你这个准吗,询问
哦那你给我改套餐哈,肯定
想转套餐,肯定
哦行我看看怎么来,等待
嗯正常,肯定
是可以,肯定
你是机器客服吗,询问
好的好的,肯定
哦我这边就是想知道你们这里是一个就是什么公司,询问
没听明白,请求重复
你男朋友什么条件的,询问
信息来源,肯定
现在先不办不办不用,否定
态度包,否定
我是什么事情,肯定
现在不做股票,否定
查,肯定
你们怎么知道我的信息的,询问
到哪里办理,询问
能给说说吗,询问
能不能去银行缴费,询问
我有好几个手机卡,肯定
修复已经,肯定
我觉得这个额度不够用可以调吗,询问
省内的额度是什么样的,询问
嗯好的都可以看看吧,肯定
你这边是哪里的,询问
通过,肯定
嗯没什么,否定
好嗯,肯定
有什么事,询问
明白拜拜,否定
利空不做股票,否定
等一会再打过来好吗,等待
在哪里激活,询问
哦行,肯定
嗯什么事,肯定
用完以后是不是要收钱,询问
没有的话怎么办吗,否定
打醋,否定
我现在赶时间能否叫该车主赶快来处理,询问
哪个位置,询问
退换电话记不清,否定
我这个流量是套餐内还是套餐外,询问
我已经很多卡,肯定
解一下这个产品,肯定
对什么事儿,询问
不是移动公司的,否定
我说你给我办理一下,肯定
答案准确吗,询问
我的号码不是这个你挂我不想办我说是,否定
不用我现在已办理宽带,否定
三个月之后该怎么收费,询问
退出,否定
114移车是什么平台,询问
有事吗,询问
请给推荐个职业,询问
我没有问你在款我说你现在什么公司,询问
4g流量是否什么软件都能使用,询问
不做股票,否定
我听不明白你说一下吧,请求重复
那个先不办你办以后我还得改一下找不着,否定
你说吗,肯定
单位给我办的卡,肯定
money不够,否定
二百兆的,肯定
我没有申请,否定
办吧,肯定
不知道详细地址,否定
不好不好,否定
修复零销户,肯定
你这边观望是在哪里我这边是可以去看一下吧,询问
电脑游戏能在手机上玩吗,询问
怎么用,询问
没注册,否定
不明白慢点,请求重复
哦那行行行,肯定
我有4G功能吗,询问
我这听清楚你说吧,请求重复
对怎么,询问
流量超出以后你们怎么收费吗,询问
我是不是可以到营业厅去办理业务,询问
嗯是的,肯定
就是继续吗,询问
你有没有男朋友,询问
我在忙你稍等一下,等待
幺过来,肯定
嗯我转告好吧,肯定
为什么会选到我的号码,询问
小姐我能问你个问题吗,询问
告诉我你们的客服热线,询问
清楚是的是的,肯定
请给推荐个角色,请求重复
应该不会再有额外费用吧,询问
业务是怎么送的,询问
准吗,询问
讲号,肯定
你说谁,询问
哦那给我办个吧,肯定
没意义,否定
我想换一个运营商,肯定
没办过,否定
嗯知道,肯定
喂,请求重复
我都没钱吃饭,否定
没在河北,否定
用得少,否定
会不会自动取消,询问
那你给我办理一下把,肯定
哦行好嘞,肯定
能做我朋友吗,询问
你再说一遍,请求重复
哪个版本的,询问
你们公司都有什么产品,询问
是在全国范围都有效吗,询问
取卡的地点在哪,询问
那你再说一遍,请求重复
对不起我不记得,否定
我现在信号不好,等待
你们有时间上门取钱吗,询问
再办一下吧好,肯定
对不用别说这样你说就说这个,否定
是真实的吗,询问
你听的懂吗,询问
充一百能多送吗,询问
我二十不到,肯定
你们客服电话是什么,询问
我用的不是4g,否定
到期是自动取消吗,询问
怎么打开4g开关,询问
这个卡不是我的,否定
我我本人再用,肯定
哪个营业厅有办理的这个业务的,询问
那你给我改上去给我改,肯定
没有来修虽然好但是不稳定,否定
没空没空,等待
不愿意移车怎么办,询问
嗯稍等一下现在没有好,等待
好中,肯定
请介绍,询问
嗯还是别开,否定
没有犹豫,否定
要钱吗你为啥不是幺零零幺你什么学历,询问
能让车主快一点吗,询问
好的听到,肯定
什么游戏顾问,询问
有人联系我怎么,询问
那我能接几钱,询问
我没什么这张卡里边也不用不不用换,否定
游戏如何收费,询问
手续费几,询问
是的啥事,询问
这个流量可以给我的家里人用吗,询问
不用谢,肯定
没有车也没有房,否定
行你这个业务收费吗,询问
度太低根本不够用,询问
请你不要介绍不要介绍的,否定
我的号码你是怎么知道的,询问
怎么用4g,询问
忙得很,等待
不签收,否定
会联系我吗,询问
嗯行好嘞好嘞嗯,肯定
好你发过来吧,肯定
好的那就那个办吧,肯定
这个办理的时间是什么时候,询问
你们能贷几万,询问
找不到车主怎么办,询问
没有兴趣,否定
这个活动多长时间,询问
我没买房也没买车,否定
近期的故障还没解决,否定
有几,请求重复
宣布,肯定
时间联系吧,等待
四八,肯定
你能帮我查一下我的腾讯王卡还有几话费不能,询问
参加其他业务,否定
都不懂我不知道儿我不玩游戏,否定
你听得见吗,询问
你说我不明白这个,请求重复
还有其他的产品吗,询问
4g流量在外地会额外收费吗,询问
我联通哦你说给你办理一下吧,肯定
你客服连这个都不知道,否定
没有,否定
正常上网,肯定
我这边还找你过一会打过来可以吗,等待
自己都行,肯定
车主迟迟未到现场处理,否定
卡到哪里去取,询问
有没有后门,询问
什么保险,询问
几月底,询问
可以把车主联系方式给我吗,询问
我没听清的,请求重复
你告诉我你知道啥,询问
准不准,询问
吃的知道,肯定
嗯嗯谢谢哈,肯定
到期会怎么样,询问
什么类型的房产,询问
我可以在你这边提升度吗,询问
请教个问题,询问
你听得到吗,询问
说你给办理一下,肯定
嗯那行办一个吧,肯定
没接,否定
你继续说继续,肯定
苹果的4g流量开关如何打开,询问
请介绍,肯定
活动时间是多长,询问
多久能放款,询问
我不是你要找的人,否定
我去啥呗,肯定
你现在给我讲,请求重复
山东什么地方的,询问
那你就直接跟我说五千块的话我每个月还多,肯定
我能给我的家人也办理一个吗,询问
不用,否定
嗯嗯嗯我转告可以把,肯定
有的有的我想起来,肯定
什么好消息,询问
套餐已经够我用的,肯定
车主不愿意怎么办,询问
没啥,否定
没钱不想要,否定
为啥我说是的,肯定
这个血糖仪有什么好处吗,询问
如何按键,询问
别人能领取吗,询问
都是,肯定
114是什么平台,询问
请说,肯定
送几流量,询问
这各业务是什么,请求重复
送什么,询问
行我考虑一下,等待
其他几,询问
你结婚吗,询问
嗯我现在在开车你等会详细给我说,等待
我还有几流量能用,询问
嗯好是的准吗,询问
这个血糖仪跟我的有什么区别吗,询问
没买过,否定
哦然后,肯定
再问一下,询问
嗯干啥,询问
嗯嗯谢谢同意,肯定
是什么事,询问
或者是,肯定
我还钱的话你们上门来拿吗,询问
嗯那我再问一下就是这,肯定
可不可以提前还款,询问
你年龄几,询问
需要多久,询问
我的手机没有4g功能,否定
如何联系到你,询问
是啥事,询问
是本地流量还是全国流量,询问
付费的,询问
我能向你提出一个问题吗,询问
没有说清楚,否定
没有好就这样再见,否定
你哪里的,询问
想问一下你们公司什么时候成立的,询问
为什么回事同学,询问
不好意思抱歉,否定
不用现在我这有我这儿的宽带,否定
对啥时,询问
知道,肯定
你公司是什么,询问
钱少,否定
我,肯定
行其实我说,肯定
你太不专业,否定
你打错吧,否定
我那有宽带不用那什么,否定
穷死,否定
我想问一下你这边三七最多可以开几钱,询问
请问有什么,询问
省内这个流量收费吗,询问
是不是多充多送,询问
说话喂,请求重复
真的不需要,否定
公司的具体位置在哪里,询问
我现在有事儿,等待
重听,请求重复
现在很多直接地方电话我这边是信息怎么会有的,询问
嗯好的好的,肯定
不用嗯,否定
有一些贵,肯定
说约吧,肯定
我想问一下你这边分期最多可以分几期,询问
是二年吗,询问
这里没有信号,等待
骗人的吧,询问
我想问一下你姓张吗,询问
我基本不用,否定
我有几流量,询问
要抵押物品吗,询问
谢谢现金吗,询问
能借几钱,询问
哦是,肯定
别打扰我,否定
你说,肯定
那需求,肯定
这个业务有没有附送什么东西,询问
嗯行可以没问题,肯定
反正有时间吧嗯,肯定
服务很差,否定
游戏里可以语音聊吗,询问
他是只能用这一个月吗,询问
我是,肯定
那可以可以,肯定
我怕短信外漏怎么办,询问
你们会不会有内部人员操作,询问
人家你是哪里,询问
不是不是,否定
重点是什么,询问
等到三个月以后,询问
查一下,询问
是我本人再用,肯定
可以改,肯定
我没听清你说唛,请求重复
是的他每次都按时,肯定
我现在不用,否定
好嘞可以,肯定
车主找不到怎么办,询问
没没没,否定
听清楚,肯定
几钱,询问
联系不到车主怎么办,询问
要按键么,询问
那我没听明白你说什么意思,请求重复
都是外挂,肯定
感觉现在是吧好的,肯定
来来太少不够用,否定
什么意思办理什么,请求重复
怎么几游戏中可以聊吗,询问
嗯忘,否定
哦行知道,肯定
能办,肯定
我故乡,肯定
不玩游戏,否定
想问你们的客服热线,询问
朋友充吗,询问
你好你哪里,询问
有人给打过电话我没接上,否定
有夫妻关系吗,询问
哪里下客户端,询问
你是怎么认识我的,询问
用完会自动取消吗,询问
太不专业,否定
反正行吧,肯定
我已经销户,否定
我能给我朋友也办理一个吗,询问
对你们那边说这个,肯定
有申请客服部,否定
我现在没多余的钱,否定
没有收到,否定
这是座机吗,询问
安卓的4g如何打开,询问
不用我没有宽带,否定
哦好好嘞他说,肯定
我能重复参加业务吗,询问
话费是谁,询问
收费吗这个活动,询问
有4g吗,询问
我自己修好,肯定
不好吧,否定
什么什么,请求重复
时间还有几流量,询问
密码忘,否定
你们就应该多弄一些这样的活动让参加,肯定
请问有没有在听我说话,询问
解过的,肯定
能听见能能能,肯定
再见没时间,否定
看不到车牌,否定
给我打电话,肯定
噢,肯定
还剩几流量,询问
知道吧我看看,肯定
稍等一下好吗,等待
你有没有在听我讲话,询问
办理业务不是可以到营业厅就可以吧,询问
怎么怎么买,询问
请问你说吧,肯定
请说什么你说什么,请求重复
别和我说话,否定
我现在嗯,肯定
没有维修,否定
等我回去看看,等待
我解过,肯定
是否能接现金,询问
能解释一下吗,请求重复
苹果的4g如何打开,询问
三月之后咋收费,询问
利率怎么样,询问
流量怎样,询问
你声音很好听能交个朋友吗,询问
为什么通知我这个,询问
我的号码是买来的吗,询问
什么顺序,询问
我现在的月租已经够三十吧,询问
这不是幺零零幺零吧,询问
请重复一下,请求重复
我还有其他事情要做没空,等待
那好好,肯定
是在用,肯定
嗯干啥,肯定
我用苹果手机,肯定
二十五岁,肯定
谁先用,询问
你们的公司在哪里,询问
不再用这个号码,否定
我要不然我这忙着,等待
别再打给我,否定
现在办吧,肯定
签收,肯定
不记得哇,否定
通过激活,肯定
为啥给我打电话,询问
这个你都不知道,否定
告诉我流量几,询问
你多重,询问
套餐够用,肯定
车主拒绝移车怎么处理,询问
是本人,肯定
这个你都不知道吗,询问
其他的联通号能办理吗,询问
你贵姓,询问
卡太多,肯定
第二次打电话才来,否定
蛮好的,肯定
我办,肯定
我不在省内,否定
套餐,肯定
说办理,肯定
能不能把车主联系方式给我,询问
请问贵公司的地址在哪里,询问
喂你是哪里,询问
哦好的,肯定
我没太听懂就是说你要你是问我要不要改套餐吗,请求重复
我有一个问题,询问
你打我电话干嘛,询问
流量费用是几,询问
送啥,询问
对那是,肯定
你打错电话,否定
安全有保障吧,询问
哦交付,肯定
我的诺基亚是否可以上网,询问
我们单位给办理的,肯定
你们这个活动假的把,询问
让我想一下应该是有的,肯定
过一段时间我再去,等待
我听不清,请求重复
只能这个联通号才能办理吗,询问
我感觉现在是吧好的,肯定
怎么算你再说一遍我没给你,请求重复
买不起,否定
好的你太吵,否定
喂你好我不需要谢谢,否定
账号的安全有保障吗,询问
三个月四千块钱利息是几钱,询问
嗯对对,肯定
确认短信额,肯定
可以在现金吗,询问
我想问你,询问
就是怎么退款,询问
不同意,否定
我很穷困,否定
再见再见,否定
好请借金几,询问
只能时间充吗,询问
有怎么？,肯定
放弃,否定
移车怎么收费吗,询问
那个返态度不好,否定
不听,否定
没补充,否定
早就销户,否定
帮你买送一百是吗,询问
再说说,请求重复
问下收几钱,询问
行行行我以前嗯,肯定
是谁喂,询问
介绍吧,询问
对对,肯定
如何使用4g流量,询问
服务收费吗,询问
最近太忙没空,等待
你干嘛,询问
是你是谁,询问
行情不好,否定
没弄好,否定
外挂太多,肯定
嗯用不到,否定
你电话几,询问
怎么天天打给我,否定
对是,肯定
好的哦,肯定
它是,肯定
我不在汕头,等待
嗯好用,肯定
天天打电话烦不烦,否定
找到该车主后会通知我吗,询问
对听到,肯定
嗯输入嗯好,肯定
哦行要不你给我办这个业务吧,肯定
他们来修过,肯定
谢谢喂,肯定
给我你们给我打太低根本不够用,否定
我不是,否定
付感兴趣,否定
失败不想用,否定
对没错,肯定
好好好你好,肯定
想销户乐乐,否定
听起来像个机器人,询问
修,肯定
苹果手机能用吗,询问
是不是只有我自己可以领取,询问
是不是,询问
我等会时间给你在拨过去,等待
你们公司全力几点,询问
预期后扣费吗,询问
哦你说听着,肯定
不是六十岁,否定
中说是的,肯定
晚会再说好吗,等待
非常不专业,否定
没有来得及去,等待
哦那我就这样这个新套餐在,肯定
车牌号看不到,否定
转套餐转网,肯定
不靠谱吧,否定
哦你给我说一下,肯定
有事吗,肯定
哟忘,否定
说出来分数就可以吧,询问
他是人工的,肯定
你怎么知道我的电话号码是,询问
你谈恋爱吗,询问
环境差,否定
请问一下你们这边可以分几期,询问
想转套餐转网,肯定
话费你帮我查查,询问
我手机不是4g的,否定
﻿准时,肯定
这边分期,肯定
怎么激活这个卡,询问
是我本人给我,肯定
你能听见我说话吗,询问
对所以说刚才电话打来测试的时候半天不说话,肯定
发把信息发到我手机上,等待
把卡邮寄过来吧,询问
不考虑我注销美女,否定
密码丢失,否定
我准备换一个套餐,肯定
哦没,肯定
停复,肯定
嗯我拨拨打这个,肯定
不好玩,否定
取消维修,否定
能告诉我你的联系方式吗,询问
流量是长期的吗,询问
什么事情,询问
你们公司我说还有其他的产品吗,询问
就付修复,肯定
免费是怎么回事,肯定
怎么做,请求重复
联系不到车主如何处理,询问
这怎么不是幺零零幺零,询问
你们哪儿,询问
我想去办理,肯定
能留下你的微信号吗,询问
套餐和赠送的流量哪个先用,询问
我聊解,肯定
你所体现出的重点是什么,询问
没的问题,肯定
我用不,否定
测试的效果准吗,询问
行情不好不做股票,否定
嗯怎么,询问
利息怎么算,询问
行几,肯定
你是哪里还是哪里移动,询问
没没没没,否定
中国移动不是幺零零八六吗幺二八五,询问
嗯行行行在吗,肯定
车主不愿意移车怎么办,询问
国家认证吗,询问
你说刚才说,肯定
不用时间在重试过我这忙着,等待
回头再说吧,等待
是什么事情,询问
嗯没,否定
好嘞对,肯定
不明白,否定
是我自己取卡吗,询问
喂麻烦你问你说你说你这是山东移动的,询问
到期如何取消,询问
对我不感谢你,否定
已经老,肯定
我也不清楚我的具体地址,否定
你怎么这都不懂,否定
以后还会有这样的活动吗,询问
客户端下载,询问
幺,肯定
林建现金吗大写,询问
到几号,询问
能重新说一遍吗,请求重复
你不要再发我好吗,否定
怎么激活,询问
嗯哼,肯定
我没报修过,否定
有兴趣,肯定
花费,肯定
能分几期还,询问
你手机号几,询问
嗯没有补充的,否定
我办八十八以下的行吗,询问
很贵很贵,肯定
没钱充话费,否定
我没听清你刚才说的是什么,请求重复
你说慢我没听明白,请求重复
我也不知道我在哪,否定
你好没有,否定
怎么才能用4g流量,询问
我能不能多充一点,询问
呆会再打电话吧,等待
好吧好吧,肯定
利息几,询问
对哪哪里,询问
语音聊可以吗,询问
你们官网是什么,询问
然后我要怎么办,询问
联系方式是什么,询问
我不想要,否定
从未申请过,否定
没有修好过二天回来的,否定
贬值快,否定
在哪里下载,询问
什么费用都不用交吧,肯定
优惠吗,询问
只有时间才能参加这个活动吗,询问
没送到,否定
什么房产,询问
我说的话有没有听见,询问
股票准吗,询问
可以可以可以,肯定
我的手机是3g的,否定
可以怎么办嘞,询问
不,否定
我还没签收,否定
你说的什么鬼,请求重复
没有没有建议,否定
安讲讲,肯定
充的多送的多不多,询问
我们家有宽带不用,否定
套餐的流量先用吗,询问
最近太忙没空还,等待
你说什么没听懂,请求重复
好几个手机卡,肯定
我在上班,等待
不要再打我电话,否定
嗯可以现金吗,询问
那个你打电话怎么我现在挺忙,等待
流量超出以后该怎么收费吗,询问
没在家,否定
你们公司在哪儿,询问
哦行可以,肯定
哦行行那个啥以后再说吧,等待
八十八以下的,询问
iphone,肯定
你们是不是收钱,询问
顾不上,等待
我没申请这种亲情卡,否定
好嘞,肯定
没有维修就好,否定
这个流量可以开热点吗,询问
有房有车已结婚,肯定
为什么会送我流量,询问
钱不充足,否定
怎么设置4g,询问
我这里的信号不是很好的,等待
几费用,询问
我已经送到,肯定
听起来像个机器人,肯定
我不办这个,否定
你是否在听我讲话,询问
干什么,询问
我这里信号不是很棒,等待
嗯你是谁你是谁,询问
你们是无抵押的吗,询问
是真人吗,询问
嗯没,肯定
游戏顾问有什么用,询问
激活流程,肯定
你们这个期间是几,询问
你能不能帮我查一下我的王卡还有几话费,询问
没事,否定
短信修好,肯定
那我现在暂时用不到好吗,否定
4g如何使用,询问
去哪里充值,询问
你们应该多举办一些这么好的业务,肯定
没有我时间就给你交,肯定
到期后收费吗不是我问你是不是不是装修公司,询问
怎么,询问
在的,肯定
又想出来骗人是吧,否定
算不要,否定
你怎么知道我的电话的,询问
嗯好的,肯定
我不是我不愿意办理,否定
那个那个那个预期宽限期是几,询问
还没到期,否定
那有时间玩游戏,否定
嗯我不喜欢这个业务,否定
应该没有,否定
是的怎么？,肯定
行行行以前嗯,肯定
介绍吧,肯定
听不懂,请求重复
我没记住,否定
是苹果手机,肯定
等等在看,肯定
贷款流程,肯定
对总部还行吧,肯定
账号安全能保证吗,询问
拜拜,否定
没事,肯定
不知道怎么,否定
最好的角色是什么,询问
不是我没有信用卡,否定
网速几,询问
应该是的,肯定
哦不管用不用不,否定
你再重说那我没听明白,请求重复
开通快吗,询问
我没有卡,否定
我是穷人,否定
那我想问这个可以借现金吗,询问
车主联系方式,肯定
无法操作,否定
我想办理转网,肯定
业务,肯定
准时,肯定
连续几个月,询问
你们公司目前有几位员工,询问
我的话费剩下几,询问
下午准时的不到四十,肯定
我想换到联通,肯定
不要不要,否定
我不在本地,否定
你说是,肯定
嗯哼办理吧,肯定
好嘞好嘞时间就问一下,肯定
不能用4g,否定
需要我改套餐吗,询问
好联系的,肯定
嗯难过的,肯定
必须时间充的吗,询问
每月功能费几,询问
用不那么多,询问
你这个收费吗,询问
你们收费不收费,询问
请问一下我怎么还,询问
那个不用可以吗,否定
语音聊天可以吗,询问
你能不能听不到我讲话,询问
对地区使用,肯定
可能这样,肯定
没有成功,否定
你们你说话太办我不想跟你说,否定
也可以,肯定
名字什么样从说一遍,请求重复
省内的额度是什么样的app吗是什么ap,询问
到二万怎么这么少,询问
太贵,肯定
好我姓曹好,肯定
然后没听明白,请求重复
你们最高能贷几,询问
嗯办理,肯定
我想借十万可以吗,询问
我很满意,肯定
唉唉是,肯定
你声音大一点,请求重复
我在做饭没时间,等待
这样,肯定
我现在赶时间,肯定
好嘞那,肯定
我靠,否定
我没有需求,否定
我无房产,否定
你打错电话我不是你找的人,否定
无办理,否定
不听不听我这个,否定
我不要打我电话,否定
我还有其他的号能办理吗,询问
送的流量先用还是我套餐里的流量先用,询问
等等在看,等待
找到车主会联系我吗,询问
哦行没问题,肯定
买过平安保险吗,询问
哦我不想用没钱,否定
因为套餐要钱吗,询问
丫挺的,否定
能不能加你的QQ,询问
我说的是我这边小区没有你这移动端口,否定
钱话费我不用办,否定
你说你说,肯定
有过未接电话,否定
对没有,否定
请问什么,请求重复
这个怎么送得,询问
没有来修,否定
我已经有,肯定
那好,肯定
帮我对,肯定
只有我这个号码可以,肯定
那个是,肯定
我刚才那个不是刚才又给我打电话,否定
你好,肯定
话费几,询问
嗯是吗,询问
好好好行,肯定
什么时候钱能到账,询问
你们收钱吗,询问
快吗,询问
不是你是什么那边,否定
非常及时,肯定
有信用卡,肯定
那边你好,肯定
从昨时间又给我什么是这个套餐吗,请求重复
手续费几个点,询问
不收不收费不收费,询问
哦不是的,否定
一般能申请几度,询问
我考虑办一张,肯定
我不能办那个,否定
没在本地,否定
我本地当前阅读几,询问
我听不懂你说,请求重复
,肯定
告诉我你的联系方式吧,请求重复
你是机器人吗,询问
师傅来,肯定
我没需求,否定
你怎么会我的号码,询问
嗯说什么我没听明白,请求重复
无车无房,否定
已经修,肯定
嗯以前交过,肯定
拒绝,否定
我不在汕头发我信息吧,等待
是什么,请求重复
请给推荐个角色,询问
再给我打电话我报警,否定
如何支付,询问
家里边买一个,肯定
我说话你听得懂吗,询问
有几人用,询问
嗯你得骗我的吧,询问
当中内容是什么,询问
哦我能打断一下你说话吗,询问
用完是不是就收废,询问
告诉我使用顺序,询问
三十,肯定
核对正确,肯定
哟不记得,否定
是那是吧,肯定
哦你再说一下可以吗,请求重复
带宽几,询问
哦你哪里,询问
你发吧,肯定
有过,肯定
好嘞你,肯定
稍后再打给我,肯定
我这会没时间,等待
送的是几级得流量,询问
为什么没有官网,询问
你怎么知道我电话的,询问
对好的,肯定
目前没使用过,否定
知道你们这边能够申请几钱,询问
可以怎么还,询问
嗯很好,肯定
是的怎么,询问
说预约,肯定
还是有点问题,否定
我能向你咨询一个问题吗,询问
怎么分期,询问
所以那看看,肯定
没有那你啥意思,请求重复
收费还是免费,询问
你说你说你说你没事,肯定
不要理我,否定
稍后再打给,肯定
没有服务费手续费,询问
算,否定
找到车主后会联系我吗,询问
反正我就问问你们别的话在听不清,请求重复
你是个机器人吧,询问
我急用钱,肯定
嗯我们以前,否定
你们预测的准吗,询问
有我想问一下你这边可以借现金吗,询问
免费送多长时间,询问
有其他费用吗,询问
你们这里有官网嘛,询问
现在没时间,等待
省内的度,肯定
哦行你说,肯定
有一个人给我打过电话我有个未接,否定
哦要改,肯定
账号不会有安全问题吗,询问
还没,否定
喂工单,肯定
我家人也有吗,询问
考虑考虑,等待
嗯哪个那个,肯定
参加的是什么业务,询问
开这个,肯定
来,肯定
哦那可以,肯定
废什么话直接说重点,肯定
我说我没有信用卡怎么办,否定
无法提供车牌号码,否定
正好,肯定
我不知道如何打分,询问
外省能用吗,询问
说,肯定
你什么的干活,肯定
好按准确吗,询问
时间上午吧,肯定
是好,肯定
喂没听清楚你重复一遍好吗,请求重复
什么情况,请求重复
公司董事长,否定
能给我你的电话吗,询问
我超过六十岁,肯定
怎么会有我的号码,询问
我这个是外地的卡,肯定
赠送内容,肯定
我今好叻,肯定
我不方便,等待
哦行行好好,肯定
别的打我电话我没说,否定
是本人给,肯定
免费这样的好事,肯定
它不办不办,否定
嗯好嘞可以,肯定
具体在哪个位置,询问
我说你刚才说什么,请求重复
我想问一下你们这边可以借现金吗,询问
不明白你的答复,请求重复
直接说,肯定
工号是的准吗,询问
给你介绍个男朋友好吗,询问
流量收费吗他那个些,询问
买过,肯定
送达,肯定
我已经很多卡不想办理,否定
不真实,否定
哪个营业厅可以办理,询问
本人在线,肯定
有优惠吗,询问
行确认,肯定
我能办理几次,询问
嗯你说,询问
月租几钱,询问
好现,肯定
你是什么顾问,询问
那暂时先不需要,否定
我说还有什么产品,询问
办理的原因说,询问
我还是不知道怎么还款,询问
不去没时间,等待
等三个月以后,询问
我到时候给你打电话吧,等待
4g开关怎么开,询问
要不要收钱的,询问
没有问题,肯定
但是座机吗,询问
没时间去,等待
我想退网,肯定
有人修的,肯定
哦那行,肯定
现在嗯,肯定
你这是机器人吧,肯定
稍等打电话,等待
消费不起,肯定
什么内部推广,询问
公司距离这里远吗,询问
我想问一下你这边分期最多可以分机,询问
行你说一下,肯定
你能查一下我的话费不能,询问
我能知道你的电话号吗,询问
就行吗,肯定
不对吧,否定
我想问一下你这边的规矩,询问
说重点,肯定
这么不专业你是怎么胜任这份工作的,否定
嗯不用,否定
套餐和赠送的流量谁先用,询问
有几个月,询问
所以我那看看,肯定
你刚才说啥,请求重复
嗯是每个月返十块钱一共返十个月是吗,肯定
我这现在有宽带,肯定
是按时上门,肯定
预约要钱吗,请求重复
是免费的还是收费的,询问
给我发短信,肯定
哪有4g开关,询问
那个怎么用4g,询问
我在忙,等待
我说的话你有没有听见,询问
你们给我度太低根本不够要,否定
没什么原因,否定
没问题的我说这,肯定
没有上面就好,肯定
不客气再见,肯定
稍等稍等,等待
怎么还贷,询问
又来骗人,否定
嗯嗯那个对不起我现在,否定
你们审备的安全度高不高,询问
我没用,否定
你是人工还是机器人,询问
嗯嗯嗯哼哼哼,肯定
没多余的钱去充,否定
游戏里能结婚生子吗,询问
赠送几个月,询问
太划不来,否定
对什么事,询问
怎么联系到你什么时候更新,询问
不转过,否定
我不懂还说现在,请求重复
到现在都没来不按时到,否定
不清楚,否定
嗯拨拨打这个,肯定
那这个,肯定
嗯我转好行吧,肯定
二十多,肯定
我是不是没多的话费,询问
提根本不够用,否定
哪类保险,询问
你这个东西有啥用,询问
对对我问你个问题,询问
哦你打错,否定
联系不上车主怎么处理,询问
哦怎么办,询问
我知道,肯定
见面聊,肯定
跟你说嘛听不懂,请求重复
好的没问题,肯定
交一段时间,肯定
你是不是几室,询问
唉可以,肯定
有不是一张,肯定
好的现在知道现在,肯定
已经上门修过,肯定
我得流量时间还能用吗,询问
分期最高的,肯定
嗯嗯那个你们的利率是怎么算的,询问
嗯那好的再见,肯定
难过,肯定
你先仔细说一下,询问
你是人工坐席吗,询问
喂喂,肯定
我是什么套餐,询问
到你们公司怎么走,询问
拿到,肯定
等三个月,询问
服务费几,询问
等回头告诉我嗯,等待
你们要收手续费吗,询问
具体在哪,询问
哦在在,肯定
好好说,肯定
我想去营业厅办理这个业务,肯定
我不是我不愿意大,否定
送这个的话有什么要求吗,询问
好行,肯定
你咋打错电话,否定
说不清楚,否定
测试的准确吗,询问
怎么不是联通客服的号码,询问
无法提供详细地址,否定
能手机还款吗,询问
好对,肯定
先用套餐流量吗,询问
你告诉我什么是你知道的,询问
不需要我手机很少用的,否定
能不能借现金,询问
抽不出来时间,等待
有没有附赠,询问
嗯你是不是打错电话就接不要钱那就放,否定
不用我们家那边应该没有,否定
如何打分,询问
现金,肯定
哦好的好的就是,肯定
下午准时的,肯定
没有这个需求,否定
我没申请过把,否定
你们这个汇信息泄露吗,询问
什么,请求重复
用不4g,否定
买一份吧,肯定
屏蔽,否定
等等,等待
你听不到我讲话吗,询问
没那么多钱,否定
你好吗,肯定
对本人在用,肯定
没充足的钱,否定
找我什么事,询问
行可以,肯定
嗯嗯你大概是马上就能给发短信吗还是什么,肯定
你们受国家管控吗,询问
都有,肯定
我咨询个问题,询问
没用过4g,询问
不管用,否定
什么带宽,询问
没有按时,否定
怎么收费,询问
送光猫吗,肯定
移动不是幺零零八六吗怎么幺零零八五,询问
不想再用,否定
还在拒绝骚扰,否定
信号不是很好,等待
想干啥,肯定
等下再说吧,等待
哦对不起我不需要,否定
稍等一下我在吗,等待
我该怎么领,询问
十二等一下,等待
怎么送的,询问
我说我不要,否定
日常任务怎么刷,询问
你说的啥我没听没,请求重复
你再多说说,请求重复
需要到营业厅办理吗,询问
你们这个是哪家公司,询问
行好嘞知道,肯定
有付费吗,询问
不好意思我忘,否定
觉得可以这个,肯定
有几时间,询问
我不是机主名称是吗,询问
只能我一个人用吗,询问
你能帮我查看一下我的话费不能,询问
有人给打过电话我没接到,否定
我五十多,肯定
没没没申请,否定
是的,肯定
哦嗯行好,肯定
为啥不直接给我车主联系方式,询问
嗯已经可以用,肯定
咋回事一百八十分钟话费吗,请求重复
做股票,肯定
我能让朋友也充值吗,询问
没打电话,否定
费什么话直接说重点,肯定
还有举办吗,询问
等一下我在开车,等待
我不需要,否定
要钱吗,询问
哦没有,否定
家里已经有宽带,肯定
活动真是吗,询问
你们以后要多推一些这些活动,肯定
你没有官网吗,询问
不用我们移动完,否定
车主迟迟未到,否定
来过来,肯定
时上班,肯定
现在好的已经,肯定
我手机卡多,肯定
这个活动是多长,询问
激活怎么回事,询问
这个号码我已经丢,否定
我忘,否定
不客气,肯定
你声音太轻听不清楚,请求重复
是不是真的,询问
刚四十,肯定
你听不到我讲话的,询问
在听,肯定
好几个卡,肯定
应该是,肯定
你刚刚不是说,请求重复
二十三百万,肯定
能语音聊天吗,询问
不用不用不用我有别的卡,否定
我没听明白你再说一遍呗,请求重复
哪位,询问
嗯办一张吧,肯定
我都是现金你们可以上门拿一下吗,询问
清楚,肯定
等三个月之后怎么办,询问
谁,询问
能不能用手机玩,询问
你是话务员还是机器人,询问
我现在很忙,等待
我不在省内行不行,询问
你是哪个,询问
朋友是不是也能充值一百送一百不需要抵押吧,询问
嗯什么事,询问
再说一遍,请求重复
我说我没有信用卡怎么办我没有信用卡,否定
听错五十岁以上,肯定
这个流量是免费的吗,询问
嗯是的是的,肯定
我是想借但是,肯定
对回访有奖励吗,询问
是想借但是限款没有成功,肯定
没有上门,否定
好到,肯定
挂太多,肯定
你是单身吗,询问
我八十多,肯定
你们收费吗,询问
解一下你这个东西是大概几钱,询问
好的好的好好,肯定
哦哦哦哦,肯定
什么类型的游戏,询问
不清楚详细地址,否定
客服代表是干啥的,肯定
我拒绝签收,否定
怎么这么高,请求重复
好快,肯定
这个业务是干嘛的,询问
哦好,肯定
好再见我是的,肯定
免费送宽带,肯定
我从来没有办理过,否定
我不是机主我能充值吗,询问
要六月前办理吗,询问
机器人吗,询问
好的我想问一下你们这边的话分期可以分几期,询问
信用卡没有,否定
我不认识业主,否定
态度很不好,否定
说在,肯定
钱不够,否定
我不用不用,否定
可以,肯定
你们最高可以分几期,询问
你们给我的度太低,否定
打开4g开关麻烦吗,询问
非常准时,肯定
嗯好再见,肯定
时间可以充值吗,询问
我想让好吧,肯定
你再说说,请求重复
卡到哪里去领,询问
你们做什么的,询问
你就直接说重点,肯定
车牌被挡住,否定
听不到,请求重复
嗯好的我看一下,肯定
是什么平台,询问
你这边官网是在哪里我这边是可以去看一下吧,询问
你微信几,询问
哪个职业更好玩,询问
你是机器人吧,询问
我能多充一点不能,询问
有点差,否定
我均有条,肯定
是有点贵,肯定
感谢你的支持,肯定
你等会儿在说吧,等待
我想问一下你这边一百块能借吗最少要借几,询问
快,肯定
把你们的客服电话给我,肯定
开通多久,询问
什么时候可以办,询问
联系方式,肯定
具体在什么地方,询问
哦行好,肯定
如果车主不移车怎么办,询问
为什么给我打电话,询问
嗯差不多,肯定
你再多讲讲,请求重复
我觉得没有必要,否定
我是长途,肯定
太忙没空,等待
先不说,等待
修复,肯定
我知道我说给我便宜点太贵,否定
我的手机流量能共享给家人用吗,询问
好的没错,肯定
就这样,肯定
我没有公积金不管,否定
流量是不是长期使用的,询问
你们为什么给我打电话,询问
收不收钱,询问
那好嘞好嘞,肯定
号好好嗯,肯定
嗯怎么送,询问
你要都没有,肯定
使用顺序如何,询问
好嘞谢谢,肯定
能不能别人也用我的,询问
我有个问题想问你,询问
哦行行行你给我购买二十万,肯定
哦行我看看怎么来,肯定
我想增加额度,肯定
啥,请求重复
听到听到,肯定
地区地址,肯定
我不是本人我能不能充值,询问
我开会等会打给你好吧,等待
当面交流吧,询问
你给我说一下到底都有什么用,肯定
价格怎样,询问
哪个号,询问
给几话费,询问
哦行行行,肯定
在在在,肯定
活动是多久,询问
嗯聊解一下,肯定
是嗯,肯定
我看这个活动挺划算的以后应该多举办一些这样的活动,肯定
我可以接几额度,询问
没有没有没有,否定
可以听到我说话吗,询问
分期最高的期限是什么,询问
我听听听不清,请求重复
那谁,询问
怎么回事我没听明白,请求重复
这不是我手机,等待
我的手机号码你们怎么得到的,询问
让想一下应该是有的,肯定
真的,肯定
一半吧,肯定
讲话,肯定
是吧,肯定
可信吗,询问
整好,肯定
好怎么办,询问
哦对,肯定
一般能申请几额度,询问
我没钱去充话费,否定
借款五个月利息几,询问
是否能退现金,询问
哦暂时没有到过吧过来吧,否定
到三个月之后自动取消还是我自己打电话取消,询问
你们公司还有其他的产品吗,询问
没有没有,否定
卡不见,否定
游戏好玩嘛,询问
我再说吧,等待
时间能使用时间得流量吗,询问
这个顺序是怎样的,询问
哦不用我现在正勇,否定
正在激活,肯定
已经收到过,肯定
接电话再见,否定
查询啥送的,询问
你们这我能申请几额度,询问
支付,肯定
怎么会我的号码,询问
我已经收到,肯定
收几钱,询问
几利息,询问
省呗是啥公司,询问
三个月后,肯定
你听我的,肯定
不着,否定
哪里拿到我的信息,询问
你介绍一下也行,询问
不小的,否定
有事说,询问
有个问题想问你,询问
你给我介绍一下这个业务把,询问
我这边利息是几,询问
活动什么时候结束,询问
安装,肯定
好好我说,肯定
什么业务,询问
活动截止到什么时候,询问
比较满意,肯定
反正不好的就,否定
那是骗人,否定
怎么是,肯定
嗯这边是什么公司,询问
花钱吗,询问
可以给我朋友也办一个吗,询问
打错把,否定
不在本地能能用吗,询问
查看不到,否定
等我再考虑考虑吧,等待
请告知我你的联系方式,询问
三月后,询问
我要去报警,否定
能,肯定
免费送什么,请求重复
我不打算用,否定
有几月租,询问
他能能,肯定
有什么事情吗,询问
嗯嗯你说吗,肯定
对怎么,肯定
都想投诉,否定
不是五十岁,否定
你怎么这么不专业,否定
不想办,否定
你是客服吗,询问
嗯啥事儿,询问
赶时间,肯定
成喽,肯定
别烦我,否定
不考虑不好意思不想用算,否定
要钱没有要命一条,否定
可以上门来,肯定
但收,肯定
我不知道怎么使用,否定
能不能上门拿钱的,询问
我不要我不要,否定
同意办理的,肯定
是我自己,肯定
对十点准时的,肯定
我不准备用,否定
不明白,请求重复
那行好吧,肯定
不要答非所问,否定
不想用,否定
游戏里可以结婚吗,询问
他有没有规定打几,询问
位置在哪里,询问
我很着急,肯定
游戏账号安全怎么保障,询问
嗯好的好,肯定
我还是不想用,否定
有什么好处,询问
这个号不用,否定
苹果手机流量怎么用,询问
什么事,询问
我非常满意,肯定
别再给我打电话,否定
嗯我等吧,肯定
嗯现在,肯定
回复查询,肯定
你们老是打电话干嘛,否定
我回来现在收费,询问
二十好,肯定
最低是几,询问
没有按时吃到,否定
已经用其它的,肯定
我没清楚,请求重复
还是算,否定
嗯对,肯定
解过,肯定
我我想先借十万块钱可以吗,询问
能不能上门,询问
好吧好嘞,肯定
去营业厅办,肯定
我个人信息有问题怎么办,询问
这个准确吗,询问
行吗,请求重复
去你妈的,否定
我现在在上班可以现在给我打电话吗,等待
时间还能不能去充一百送一百,询问
办过,肯定
我能先看下你们的产品介绍吗,询问
移车处理需要多久,询问
是无抵押贷款吗,询问
是请说,肯定
不听不听,否定
最多分几期,询问
那我这边就想问一下你这里,询问
好嘞嗯好嘞,肯定
不是人工吧,否定
额度几,询问
怎么安客户端,询问
在什么位置,询问
我能给父母办一个吗,询问
交一段时间又不交,肯定
买,肯定
刚才你等一下,等待
对是是我的号,肯定
没必要,否定
我现在没钱没法充,否定
哪个套餐,询问
价格太高,询问
这是什么业务,询问
这个流量我可以共享吗,询问
网速几,肯定
喂行行行,肯定
我想问一下就是,询问
我这就是4g的,肯定
怎么联系你,询问
你管我有没有信用卡,肯定
什么套餐我不懂吧我不要这个,请求重复
有啥事,询问
企业金额是几,询问
马上去弄,等待
我没时间你们能上门取钱吗,询问
密码被盗,否定
我过一段给你打电话吧,等待
投诉,否定
流量包是否先用,询问
嗯好的我看一下,等待
优惠期限到什么时候,询问
没有没有没有没有什么情况,否定
我能请教你个问题吗,询问
车主不移车怎么办,询问
我还有多的联通号只能办理这一个吗,询问
你再说一下吧,请求重复
对打过来知道,肯定
零对,肯定
嗯我想刚才他说嘞,肯定
哦你是哪个移动的,询问
你们授权吗,询问
按键吗,询问
没办理,否定
你们这是什么产品,询问
不好意思我在上班,等待
我是安卓,肯定
我用不到别办,否定
注册,否定
怎么不是10010打的,询问
送的流量是免费的吗,询问
我说有有,肯定
这个流量使用顺序是,肯定
嗯你找什么事,肯定
有宽限期吗,询问
你不要说,否定
我的卡很多,肯定
你声音怎么这么好听,肯定
这个活动有没有多充多送,询问
只有这个号码,肯定
我还没使这个吧,否定
这里是什么公司,询问
有人联系我,肯定
没错,肯定
现金不足,否定
是不是又是骗人的,询问
为什么你们找我送流量,询问
我觉的隐私被限速,询问
是机器人吗,询问
游戏环境公平吗,询问
稍等一下,等待
有需求,肯定
不知道,否定
有没有手机端的,询问
要干什么,肯定
嗯有的有的,肯定
它是这个还是这个号,肯定
哦行改一下吧,肯定
不想激活,否定
好的那是,肯定
不准备用,否定
你们怎么有我信息的,询问
说不要吧或者,否定
你这为什么会是腾讯,询问
免费是怎么回事,询问
你们不会是骗子吧,询问
打好几个电话才来,否定
我的信息怎么泄露,询问
我的这个号码已经丢失,否定
支付方式,肯定
打过就不要再打,否定
正常缴纳,肯定
准确吗,询问
噢对就订就行,肯定
怎么个送法,询问
安全能保证吗,询问
有个问题能咨询一下你吗,询问
时间可以办理吗,询问
我想换套餐,肯定
不好意思我不记得,否定
付款方式,肯定
是我使用,肯定
我肯定,肯定
不满意,否定
不要天天打电话烦我好吗,否定
我说一下分数是吧,询问
你是移动内部人员吗,询问
还有什么,肯定
你是机器人,肯定
我一直都没用这个号,否定
没有车牌,否定
你们公司叫什么,询问
好的那我挂,否定
有,肯定
我想问一下你这边最少是结几,询问
很贵,肯定
你是骗子的,询问
我问,询问
我用得少,否定
我还没激活,否定
这个手机不是我的我能不能办理,询问
修复修复,肯定
什么类型的保险,询问
嗯,肯定
师傅上门来,肯定
月租几,询问
我这里信号不好,等待
可以多充一点吗,询问
嗯你找干嘛,询问
哦行那挂吧没事,否定
我超过七十岁,肯定
说有有,肯定
我没房产,否定
他可以一直用吗,询问
不用花钱吧,询问
自己录好叻,肯定
特别差,否定
我不清楚,否定
哦你是移动公司不是,询问
必须要寿险的吗,询问
这个活动是多充多送吗,询问
我不要,否定
来都没有修好,否定
我怎么打开4g终端,询问
怎么玩,询问
你这样也能做客服,否定
你好我想问一下你这边,询问
能留下你的联系方式吗,询问
活动时间多久,询问
我这个流量地区能用吗,询问
我这边没有信用卡可以使用你们产品吗,否定
没有这些是,否定
玩的人多吗,询问
我说有有能听懂吗,肯定
请把联系方式发给我,询问
我已经有其他的业务,否定
我想换另外一种网,肯定
讲吗什么事,肯定
不麻烦你,否定
上网快吗,询问
什么,询问
你是我的游戏顾问,肯定
你在说什么说的太快,请求重复
然后可以可以,肯定
到时取消复杂吗,询问
解一下这个产品,询问
发个短信给我吧,等待
我有,肯定
能快点么,询问
把你们公司的地址给我,请求重复
我在开会你等会,等待
对就是,肯定
更多,肯定
这个业务是假的吧,询问
问你个问题,询问
账号安全吗,询问
这个流量我能让我家人一起用吗,询问
差不多差不多,肯定
问个问题,询问
以后再说,等待
如何联系我,询问
你哪里来我的电话,询问
游戏里有没有托,询问
我在外国,肯定
我自己弄好,肯定
可以分几期,询问
听清喽,肯定
我已经签收,肯定
有下载地址吗4g如何使用,询问
吗修得,否定
如何用4g,询问
和哪里的银行合作,询问
你们的服务有费用,询问
办,肯定
哦哦,肯定
哦我现在很忙不想接电话你以后再打可以吗,等待
我已经办理其他业务,否定
用完还是免费吗,询问
那个手机上没有那个问题,否定
那个流量要钱吗,询问
我没有信用卡,否定
在家里你是独生女吗,询问
游戏环境差,否定
好好的,肯定
我没有4g手机,否定
可以直接给我车主联系方式吗,询问
我是啥事,询问
活动有几个月,询问
好的行没兴趣,否定
喂喂喂,肯定
我要先问你一个问题,询问
月租费几,询问
我是什么事,肯定
好好好,肯定
嗯不用谢谢,否定
怎么付款,询问
你是不是可以再说一遍,请求重复
在的在的,肯定
哦我知道我知道你可以拿,肯定
没见过这个号码,询问
你是机器人的吧,询问
你们可以贷几,询问
一个四跟说你说你办吧,肯定
我想问一下你这边可以分期分期的话可以分几期,询问
请稍等一下,等待
你有没有在听我说话,询问
你说好的,肯定
转接话费,肯定
我想,等待
我要,肯定
不是我是有宽带有宽带,否定
讲重点,肯定
不是这个年龄段的,否定
算我就说好的,肯定
现在顾不上,等待
你能听得到我说话吗,询问
请介绍一下,询问
这个号我不用,否定
哦再,肯定
付款不是自动再查里边,肯定
哦行行行可以你说,肯定
我的带宽几,询问
三个月之后怎么收费,询问
我想,肯定
对喂,肯定
好清楚,肯定
你哪儿你说,询问
送的流量有效期多久,询问
你的答复是啥,询问
办呗,肯定
六,肯定
叫你们经理来跟我说,否定
我其他的联通号能办理吗,询问
是长途,肯定
中国联通为什么说是腾讯专员,询问
没有车牌号,否定
对没代收,否定
套餐够我使得,肯定
你能再说一遍吗,请求重复
你怎么什么都不知道,否定
你好那个,肯定
再说一次,请求重复
这个业务什么时候办理,询问
哦行我知道,肯定
好用吗,肯定
我还没收到,否定
你是不是有病,否定
三十多,肯定
这个流量是否要钱,询问
请再详细说明一下,询问
你是不是骚扰的,否定
这个好,肯定
请给推荐个职业,请求重复
好吧好嗯,肯定
你好怎么,询问
说什么,请求重复
你们活动是不是真实存在的,询问
我的是苹果的,肯定
你是客服还是机器人吗,询问
很抱歉,否定
业务怎么办理,询问
不要再打,否定
时间能使用时间存得流量吗,询问
一点话费,肯定
行你说吧,肯定
那行,肯定
挺好的然后,询问
这个活动的时间截止日期是什么,询问
不听不听我不听,否定
是的怎么,肯定
等等再弄,等待
行嗯,肯定
能不能不要再打电话,否定
你是不是认识我,询问
明白,肯定
差劲,否定
你是谁,询问
还行吧,肯定
哦好我把,肯定
稍后再打给我这里信号不太好,等待
嗯我们有宽带现在,肯定
我装弄完,肯定
没信用卡,否定
免费有时间限制吗,询问
有人给我打电话我没接,否定
用不着,否定
能转几,询问
不用信用卡,否定
去年办的,肯定
能语音聊吗,询问
哦知道,肯定
找到车主怎么联系我,询问
真的准确吗,询问
我现在有个度有点低你们可以提升度吗,询问
这个流量都能在哪里使用,询问
我的手机号码,肯定
肯定,肯定
只能使用一个月吗,询问
那你说,肯定
长途,肯定
没什么再见,否定
已经联系过我,肯定
暂时没有,否定
我如果那个问题吗有的时候可能是没有,否定
好的办理吗,肯定
哦好嘞,肯定
我可不可以给我朋友用,询问
那好吧你开过,肯定
可以你转,肯定
请说好谢谢,肯定
我没时间不方便,等待
为什么不给我车主联系方式,询问
没原因,否定
说好的你给办吧,肯定
我该怎么样办理这个业务,询问
月光,否定
省外能办理吗,询问
知道嗯,肯定
他那个问题吗,询问
哦行我看看吧,肯定
干嘛,询问
你们很烦总催,否定
没公积金公司不交,否定
我去参加过,肯定
你这么不专业的客服,否定
他们来修,肯定
你说什么意思,请求重复
取消掉修,否定
用这个流量有没有什么限制,询问
好说的故障嗯应该修,肯定
我说我给你没法沟通我不想解,否定
阿,请求重复
我买,肯定
能边语音边游戏吗,询问
是我在用,肯定
我这已那个弄电信的宽带,肯定
想干啥,询问
换哪个职业中,询问
我在吃饭,等待
不能谢谢,否定
对什么,肯定
万一信息泄露怎么办,询问
我的朋友能办理吗,询问
公司办理,肯定
你叫啥,询问
说一遍吗,请求重复
我想问一下你这边最少是借几,询问
你哪操作一遍没听清楚,请求重复
是自己办的,肯定
比其他的产品准确吗,询问
先用赠送的流量吗,询问
没办卡,否定
那么等三个月,询问
废啥话直接说重点,肯定
我输老户,肯定
你等一下对,等待
嗯修改栏,肯定
信用怎么做,询问
很有兴趣,肯定
哦有的那我想问一下你们就是说现在这个利率是几钱,询问
喂听明白我这是,肯定
最近没时间,等待
嗯那边你们那边卖奶茶吗,询问
连续几个月,肯定
我用联通的,肯定
干什么,肯定
什么是哪里,询问
都不懂我不知道儿,请求重复
你好我没听清你刚才说的是什么,请求重复
你们跟哪家银行合作,询问
聊解,肯定
你什么学历,询问
公司的,肯定
不好意思没有,否定
安时的,肯定
不在省内,否定
对啥时,肯定
行行行这样,肯定
报修人不在,否定
这辆车没有车牌不还,否定
那个是否能直接贷款,询问
哦我说我现在没有时间,等待
我记不住,否定
你这边有利率吗,询问
我自己都行,肯定
我从来没有用过,否定
反正这个给我办理一下把,肯定
额,请求重复
行行行我说你这个院,肯定
案件,肯定
等下说我在开车,等待
用,肯定
这个业务该怎么办理,询问
不太方便,等待
抱歉,否定
现在没钱,否定
哦不用我我这边我我现在想问一下你们比银行利率的话那你们现在这里是几钱,询问
可以上门取钱吗取,询问
有费用吗,询问
嗯不客气感谢来电再见,否定
聊解一下,询问
我充二百是不是就送二百,询问
好麻烦快点,肯定
哦你那移动,肯定
却现金是什么,询问
我不想改套餐,否定
说有,肯定
老来骗人,否定
对你好,肯定
去外地能用吗,询问
统一办理的,肯定
测试的准吗,询问
你怎么说嘞我刚才没听见你说的钱也不太远,请求重复
你们哪里的,询问
你什么的干活,询问
忘,否定
我已经有其他套餐,否定
新浪股票不专业吧,否定
好好好好好,肯定
你好我是,肯定
这个是免费的吗,询问
这个流量用完以后怎么收钱,询问
想参加,肯定
这个流量可以办理流量共享吗,询问
等一会我给你打过去,等待
不是,否定
没不需要,否定
我记不太清,否定
利息是几,询问
正准备办,肯定
不是自己手机在用吗,询问
对我是我是我是,肯定
就是,肯定
你好电话,否定
你们利息几,询问
我不在省内能办理吗,询问
没啥需要补充的,否定
哦你给我换,询问
你所体现的重点是啥,请求重复
好的花费,肯定
我我的套餐现在够用,肯定
不好意思买过一个,肯定
你等会再说吧,等待
你们受国家监管吗,询问
嗯那好的没事,肯定
说话喂,肯定
我该怎么用4g,询问
睡觉真烦人,等待
不会收多余的钱吧,询问
这个有的,肯定
你说的啥没听懂,请求重复
对可以,肯定
就是够用,肯定
嗯我看过四十岁,肯定
有补止一张,肯定
你找我干嘛,询问
你在没在听,询问
我去哪里取卡,询问
讲,肯定
不好意思已经有一个,肯定
我说二十分听不懂是吧,肯定
问下你,询问
哦行行那缴费那,肯定
还会有吗,询问
什么意思是吧是吗,请求重复
不还,否定
是怎么怎么计算,询问
不对不对,否定
未申请,否定
有的,肯定
请问,肯定
征途2哪个职业更好玩,询问
什么意思办理什么,询问
什么时候能放款,询问
我有一个血糖仪,肯定
听清楚那好嘞,肯定
没那么听明白不懂,请求重复
弄不好,否定
这个业务想到营业厅办理的,肯定
别废话,肯定
你能告诉我你的微信号吗,询问
我现在王卡还有话费不,询问
你听我的,询问
我说怎么这一块怎么退款,询问
是我,肯定
你长得好看吗,询问
我一百元能借吗,询问
打错,否定
太多有,肯定
我没时间不好意思,等待
办理,肯定
直接说重点,肯定
我怎么会有私人游戏顾问,询问
我不认识这个号的,否定
你说呗,肯定
话费有什么用,询问
找不着,否定
你是专业的客服吗,询问
赠送多长时间,肯定
嗯不需要,否定
没按时到,否定
给我你的联系方式吗,询问
话费,肯定
需要抵押吗,询问
天天打电话有意思吗,否定
不需要花钱,否定
嗯好好,肯定
我不相信这个业务,否定
啥事儿,询问
我现在不想还,否定
你是骗子吧,询问
这边什么公司,询问
这个号丢,否定
不激活,否定
我去你们公司吧,询问
用完以后是不是收费,询问
用完还是免费的吗,询问
那你给我说一下我请问一下,请求重复
不客气还有什么,肯定
要收钱吗,询问
哪个号码,询问
非常不满意,否定
哦行好嘞好考虑好的,肯定
他不是那个,否定
加个微信,肯定
是这样没有谢谢,否定
看到也看,肯定
还没送到,否定
要干啥,询问
我已经有很好的套餐拉,肯定
也行,肯定
等一下下,等待
送几钱,询问
我有个问题你能回答一下吗,询问
我不贷款,否定
哦这样收费吗,询问
哦你说我听着,肯定
使用4g有啥条件,询问
你是哪位,询问
嗯在在在可以,肯定
谢谢你说么,肯定
我之前的业务跟这个业务冲突吗,询问
嗯好的看一下,肯定
你给我仔细说说吧,请求重复
好的好的我转告行吧,肯定
活动内容是啥,询问
不好我不用不不需要办,否定
听不明白吗,询问
产品介绍,肯定
没有缴这个,否定
等一下等一下等一下,等待
你听我说,肯定
我怎么激活,询问
我三十多,肯定
不行,否定
对干嘛,询问
上网,肯定
你现在给我说,请求重复
打几次,否定
价格高吗,询问
什么时候钱能进卡,询问
如何通知我,询问
你继续说,肯定
能听到,肯定
我没收到,否定
无法提供车牌号码怎么处理,否定
面谈吧,肯定
我说等一下,等待
还不错,肯定
是吧我,肯定
只能电脑客户端操作吗,询问
我在用苹果手机,肯定
我是不是冲的多就送的多,询问
做客服的你连最基本的都不知道,否定
滚蛋,否定
时间是不是就不能办理,询问
好嘞手机号码,肯定
我能到营业厅办理吗,询问
不要打扰我的家人行吗,否定
你叫什么名字,询问
解一下,肯定
流量要钱吗,询问
你打完哈,询问
你哪里,询问
是你好,肯定
好行行过来好的,肯定
可以提升额度吗,询问
我有几带宽,询问
可不可以借现金,询问
你会不会查出我还有几话费,询问
有什么事吗,肯定
缴纳,肯定
不要给我预约,否定
你能不能看下我的话费还有几,询问
没覆盖移动,否定
不好意思我不认识你,否定
游戏里可以语音聊天吗,询问
五办理,否定
找不到密码,否定
你好我想问问,询问
移动公司客服代表,询问
中国联通跟腾讯有什么关系,询问
师傅有来修,肯定
哦我看吧没有,否定
要干啥,肯定
能把你的电话号码给我吗,询问
我等会给你打过去,等待
电话等一会等一会,等待
我已经八十多,肯定
我是长途把,肯定
我听到,肯定
你怎么称呼,询问
我问你们,询问
高,肯定
我现在不在省内,否定
挂吧,否定
对嗯没看看对吧,肯定
你一定是机器人,询问
逾期后如何扣费,询问
我不管不好用太贵,否定
我没有,否定
如果该车主不愿意移车怎么处理,询问
我这边看到你给我度太低我怎么用,询问
哦优惠专线嗯,肯定
哦行就是说他说那个,肯定
你们能上门南,肯定
哦这样子那你们这边不能接现金吗,询问
哦行可以给办理一下,肯定
就就是一打错电话,否定
们接线金吗大姐,询问
嗯你说,肯定
免费的吗,询问
还在,肯定
可不可以快点,询问
讲吗什么事,询问
我的是苹果手机,肯定
正常缴纳的,肯定
一年内应该没有的,否定
我问个事,询问
我已经二十岁,肯定
你需要时间充值吗,询问
对不起我没空,等待
那可以结现金吗,询问
送多长时间,询问
是我自己还是全部人都可以领,询问
嗯我是,肯定
公司在哪里,询问
对意思吗,肯定
就是不要你说气人不,否定
我有很多手机卡,肯定
不是我本人在用,否定
我没在本地,否定
安卓手机,肯定
好行没,肯定
你在听吗,询问
不解没有覆盖,否定
没谢谢,否定
我的话费还有几,询问
是不是在骗我,询问
哦行你说是吧我听着,肯定
我比较忙,等待
你好能听到吗,请求重复
有未接电话,否定
游戏体验不好,否定
我忙着,等待
我看好吧,肯定
那你给办理一下把,肯定
能直接微信支付吗,询问
这是移动公司那联通,询问
请问能够接几钱,询问
办花费几,询问
114移车收费吗,询问
保险的种类是什么,询问
你们是移动,询问
我年龄不够,否定
弄好,肯定
我的流量几,询问
还有多的话费吗,询问
嗯事情吗,肯定
去哪里办理,询问
好行行行,肯定
对业务,肯定
我想就是想问一下你这边的状况放,询问
赠送的流量先用吗,询问
我问,肯定
我有疑问请解释一下,询问
4g怎么用,询问
等会儿,等待
这个不对,否定
嗯到期后是自动停还是打电话,询问
好像是的,肯定
114移车怎么收费吗,询问
最高可以分几期,询问
安卓手机流量怎么用,询问
说明一下产品,询问
以短信方式是什么,询问
你们公司怎么去,询问
那我都没听明白,请求重复
等一会,等待
直接扣我的话费吗,询问
正在进行中,肯定
几带宽,询问
我可以到营业厅去办理吗,询问
这个活动蛮划算的我可以给我家里人也办一个吗,询问
一届金是几,询问
真的不玩游戏,否定
能上网吗,询问
按时常门,肯定
你公司是哪的,询问
几g,询问
喂你们收费吗,询问
我能知道你的联系方式吗,询问
搞的知道,肯定
这样送,肯定
不怎么用,否定
说话这么生硬,肯定
暂时不考虑再想想,等待
钱太少,否定
代收吗,肯定
能不能说一下有哪几种还款方式,询问
我说好的你给我办吧,肯定
你好怎么,肯定
重庆,请求重复
这个号已经注销,否定
我已经解,肯定
没人联系过,否定
你说啥,请求重复
我当前月租几,询问
签,肯定
哦行看看吧,肯定
没人来维修,否定
不收费吧,询问
我想问一下我现在注册,询问
你到底想干啥,询问
是这是咋又买又不懂功能接个电话打个电话,请求重复
你们收几利息,询问
密码没,否定
行你给开通,肯定
不做,否定
嗯给我办理一下子吧,肯定
不是吧,否定
费用,肯定
好的你是否能接现金,询问
办理宽带是吧,肯定
扣费吗,询问
最好的职业是什么,询问
这个卡怎么激活,询问
哦那就这样这个新套餐在,肯定
已经在用,肯定
需要,肯定
我的信息,肯定
气人,否定
省外能使用吗,询问
我不是你要找的人你打错,否定
你是什么公司,询问
喂不是我说我们家这个接不移动的,否定
哦行可以给我办理一下,肯定
聊解一下,肯定
那个花费,肯定
这是真的吗,询问
小伙,肯定
这个业务收费吗,询问
不成功,否定
我都没打直接打那个点你这边利息是几,询问
能留到时间吗,询问
要扣我几花费,询问
没有办理这个卡,否定
哦好好,肯定
对安全,肯定
你们方便上门收钱吗,询问
修复蓝,肯定
好好办理,肯定
谢谢你挂机好,否定
能再说一下几流量吗,询问
可以接现金吗,询问
如何办理业务,询问
哦好吧,肯定
几钱的,询问
找不到车主怎么处理新区画面如何,询问
我目前不在省内,否定
你是个智障吧,否定
目前没有,否定
行行行可以的是吧,肯定
账号被盗怎么办,询问
中,肯定
还款方式有哪些,询问
嗯我办理我的业务听不清楚,请求重复
我不相信你们,否定
听不见,请求重复
游戏啥时候更新完,询问
快说,肯定
能用多长时间,询问
哦那给办个吧,肯定
一百元的借吗,询问
你是干什么的这都不知道,否定
嗯嗯业务,肯定
我的老年机可否用,询问
你是谁，你打错电话,否定
太高我怎么记给我便宜点,否定
暂时性修好,肯定
嗯我有的我就需要还信用卡,肯定
我怎么联系你,询问
嗯有,肯定
嗯不是,否定
找到该车主后会联系我吗,询问
三个月之后,询问
能看电视吗,肯定
你能把活动给我介绍一下吗,询问
送几带宽,询问
你给我介绍一下这个,询问
哦你说给你办理一下吧,肯定
部,否定
我超过五十岁,肯定
收费高吗,询问
这个流量能让别人一起用吗,询问
不说拉倒,肯定
电话号码几,询问
就行吗,询问
我没钱,否定
我不会办,否定
没社保,否定
我不认识你,询问
你说的这个怎么送,询问
哪个单位,询问
不想用这个号,否定
对嗯,肯定
再骚扰我报警,否定
不想听,否定
找不到车主,否定
能让车主赶紧来处理么,询问
我现在没钱怎么办,否定
我想换另外一个套餐,肯定
嗯嗯你大概是马上就能给我发短信吗还是什么,肯定
那好行,肯定
没见到卡,否定
钱不凑手,否定
去参加过,肯定
卡很多,肯定
不用话,否定
就是这么快我都没听清,请求重复
发到我微信上把,等待
等一会儿,等待
我用iphone,肯定
没有得到我想要的答复,否定
你说怎么意思,请求重复
怎么送,询问
哦好的好的,肯定
那是,肯定
行你给我开通吧,肯定
我的不是4g手机,否定
以后还会有这样子的活动吗,询问
那你们为什么要给我打电话,询问
自己的,肯定
游戏好玩吗,询问
额度太低根本不够用,否定
哦怎么送,询问
这么快我都没听清,请求重复
额说是这边他可以接现金使用吗,询问
114移车干嘛的什么游戏,询问
怎么打分,询问
给约吧,肯定
你倒底想说啥,询问
我用安卓手机,肯定
真烦人,否定
哦哦哦,肯定
从哪里可以看到页面,询问
你们游戏帐号安全吗,询问
再说再说我考虑一下,等待
天天骚扰我,否定
这个套餐不想用,肯定
不予,否定
看好吧,肯定
这都不知道,否定
几个月,询问
有套餐的,肯定
超市得走吗,询问
我说你们还有什么产品,询问
哦那不是幺零零八六咋幺零零八五,询问
嗯你们这个活动真不真,询问
知道是的,肯定
不想用这个套餐,否定
说呗,肯定
你想说啥,询问
没人来修,否定
你微信,肯定
我讲话你有在听吗,询问
可以上面来拿钱吗,询问
我想问你个问题,询问
这二个业务有冲突吗,询问
结果你都不知道,否定
发个短息给我吧,肯定
我没钱不想用,否定
恁那个不是幺零零八六幺零零八五嘞,询问
我有商业保险这个可以吗,询问
好像没有按时什么东西,否定
不想充这也太贵,否定
哦就是哦,肯定
什么事儿,询问
在店,肯定
没有好,否定
有什么费用,肯定
嗯那再问一下就是这,肯定
哦反正我用好吧慢的话但是,肯定
处理,肯定
嗯嗯聊解一下,询问
我没办理过六七八九的这张卡,否定
我太穷,否定
可以让车主快一点来吗,询问
没时间玩游戏,否定
好再见再为你服务我已经很多卡不想要,否定
怎么领这个卡,询问
过一会,等待
能听到我说话吗,询问
这个业务我在营业厅能办理吗,询问
版本号几,询问
我没空,等待
使用4g有什么条件,询问
之前没交公积金的,否定
就是说你们这利率现在是几,询问
怎么送话费的,询问
块,肯定
哦你给我换,肯定
抱歉我都清楚,肯定
好嘞好好好没有谢谢,否定
你帮我介绍一下,询问
能把该车主的联系方式直接给我吗,询问
啥都不懂,否定
套餐不好,否定
姚,肯定
要花钱吗,询问
新区画面有改善吗,询问
现金不够,否定
哦这个业务是什么样的业务,请求重复
保密,肯定
你们这个骗子,否定
能准几,询问
不对你打错,否定
对你是哪里,询问
你好请讲,肯定
穷鬼一个,否定
什么打开数据开关,询问
不办,否定
不对,否定
好的好的又重新变更取消,肯定
我想问一下你这边可以分期的话可以分几期,询问
什么你说,请求重复
嗯好,肯定
看看,肯定
效果怎么样,询问
没有好嘞你好,否定
等会,等待
一下话费吗,询问
有挂,肯定
我想让好吧,等待
打错电话,否定
我在用安卓手机,肯定
嗯哦就给他嗯好的,肯定
等等再看,肯定
你打错把,否定
我剩下几块钱话费,询问
亲,肯定
这个业务什么时候截止,询问
你们需要费用吗,询问
能手机现金,询问
的是很近吗,肯定
预约装,肯定
你刚刚说那个度,肯定
你们要收服务费吗,询问
分析最高的期限是什么,询问
怎么办理,询问
你知道吗你很不专业,否定
4g开关是什么,询问
好的好的好,肯定
办一张换一张,肯定
有没有猫腻,询问
嗯行可以,肯定
我没听清你能说慢点吗,请求重复
你的联系方式是什么,询问
请告诉我地址,请求重复
没有这个号码能看见吗其他的号码,询问
我有我信用卡都十万的你给我二万块干嘛,询问
好知道没时间就这样挂,等待
行其实说,肯定
钱额度是几,询问
不想用这个套餐,肯定
我想去营业厅办理,肯定
如果有费用我就不要,询问
那你说吧,肯定
可以贷几,询问
都有的,肯定
我在忙我在开会,等待
你自己在用吗,询问
